onset	duration	trial_type	value	sample
0.0	0.0	Boundary	99999	0
19.418	0.0	Baseline_2s	102	19418
21.448	0.0	Encoding_Set_Simultaneous	11	21448
24.248	0.0	Retention_Simultaneous	28	24248
30.248	0.0	Digits_Retrieval	110	30248
39.248	0.0	Baseline_2s	102	39248
41.249	0.0	Encoding_Set_Simultaneous	11	41249
44.048	0.0	Retention_Simultaneous	28	44048
50.048	0.0	Digits_Retrieval	110	50048
67.266	0.0	Baseline_2s	102	67266
69.283	0.0	Encoding_Set_Simultaneous	11	69283
72.083	0.0	Retention_Simultaneous	28	72083
78.083	0.0	Digits_Retrieval	110	78083
89.15	0.0	Baseline_2s	102	89150
91.15	0.0	Encoding_Set_Simultaneous	11	91150
93.95	0.0	Retention_Simultaneous	28	93950
99.95	0.0	Digits_Retrieval	110	99950
129.673	0.0	Baseline_2s	102	129673
131.685	0.0	Encoding_Set_Simultaneous	11	131685
134.485	0.0	Retention_Simultaneous	28	134485
140.485	0.0	Digits_Retrieval	110	140485
155.219	0.0	Baseline_2s	102	155219
157.219	0.0	Encoding_Set_Simultaneous	11	157219
160.019	0.0	Retention_Simultaneous	28	160019
166.02	0.0	Digits_Retrieval	110	166020
196.859	0.0	Baseline_2s	102	196859
198.859	0.0	Encoding_Set_Simultaneous	11	198859
201.659	0.0	Retention_Simultaneous	28	201659
207.659	0.0	Digits_Retrieval	110	207659
218.438	0.0	Baseline_2s	102	218438
220.438	0.0	Encoding_Set_Simultaneous	11	220438
223.238	0.0	Retention_Simultaneous	28	223238
229.239	0.0	Digits_Retrieval	110	229239
240.356	0.0	Baseline_2s	102	240356
242.356	0.0	Encoding_Set_Simultaneous	11	242356
245.156	0.0	Retention_Simultaneous	28	245156
251.156	0.0	Digits_Retrieval	110	251156
259.007	0.0	Baseline_2s	102	259007
261.007	0.0	Encoding_Set_Simultaneous	11	261007
263.807	0.0	Retention_Simultaneous	28	263807
269.807	0.0	Digits_Retrieval	110	269807
288.729	0.0	Baseline_2s	102	288729
290.729	0.0	Encoding_Set_Simultaneous	11	290729
293.53	0.0	Retention_Simultaneous	28	293530
299.529	0.0	Digits_Retrieval	110	299529
316.531	0.0	Baseline_2s	102	316531
318.53	0.0	Encoding_Set_Simultaneous	11	318530
321.331	0.0	Retention_Simultaneous	28	321331
327.33	0.0	Digits_Retrieval	110	327330
335.581	0.0	Baseline_2s	102	335581
337.581	0.0	Encoding_Set_Simultaneous	11	337581
340.382	0.0	Retention_Simultaneous	28	340382
346.381	0.0	Digits_Retrieval	110	346381
361.799	0.0	Baseline_2s	102	361799
363.799	0.0	Encoding_Set_Simultaneous	11	363799
366.599	0.0	Retention_Simultaneous	28	366599
372.599	0.0	Digits_Retrieval	110	372599
380.661	0.0	Baseline_2s	102	380661
382.661	0.0	Encoding_Set_Simultaneous	11	382661
385.461	0.0	Retention_Simultaneous	28	385461
391.462	0.0	Digits_Retrieval	110	391462
404.962	0.0	Baseline_2s	102	404962
406.962	0.0	Encoding_Set_Simultaneous	11	406962
409.763	0.0	Retention_Simultaneous	28	409763
415.763	0.0	Digits_Retrieval	110	415763
432.047	0.0	Baseline_2s	102	432047
434.047	0.0	Encoding_Set_Simultaneous	11	434047
436.847	0.0	Retention_Simultaneous	28	436847
442.847	0.0	Digits_Retrieval	110	442847
451.519	0.0	Baseline_2s	102	451519
453.518	0.0	Encoding_Set_Simultaneous	11	453518
456.319	0.0	Retention_Simultaneous	28	456319
462.319	0.0	Digits_Retrieval	110	462319
470.453	0.0	Baseline_2s	102	470453
472.453	0.0	Encoding_Set_Simultaneous	11	472453
475.253	0.0	Retention_Simultaneous	28	475253
481.253	0.0	Digits_Retrieval	110	481253
496.271	0.0	Baseline_2s	102	496271
498.27	0.0	Encoding_Set_Simultaneous	11	498270
501.071	0.0	Retention_Simultaneous	28	501071
507.071	0.0	Digits_Retrieval	110	507071
519.582	0.0	Baseline_2s	102	519582
521.583	0.0	Encoding_Set_Simultaneous	11	521583
524.383	0.0	Retention_Simultaneous	28	524383
530.384	0.0	Digits_Retrieval	110	530384
566.152	0.0	Baseline_2s	102	566152
568.153	0.0	Encoding_Set_Simultaneous	11	568153
570.957	0.0	Retention_Simultaneous	28	570957
576.957	0.0	Digits_Retrieval	110	576957
599.008	0.0	Baseline_2s	102	599008
601.008	0.0	Encoding_Set_Simultaneous	11	601008
603.808	0.0	Retention_Simultaneous	28	603808
609.808	0.0	Digits_Retrieval	110	609808
624.954	0.0	Baseline_2s	102	624954
626.954	0.0	Encoding_Set_Simultaneous	11	626954
629.754	0.0	Retention_Simultaneous	28	629754
635.755	0.0	Digits_Retrieval	110	635755
657.927	0.0	Baseline_2s	102	657927
659.927	0.0	Encoding_Set_Simultaneous	11	659927
662.727	0.0	Retention_Simultaneous	28	662727
668.727	0.0	Digits_Retrieval	110	668727
677.44	0.0	Rest	120	677440
698.29	0.0	Baseline_2s	102	698290
700.291	0.0	Encoding_Set_Simultaneous	11	700291
703.09	0.0	Retention_Simultaneous	28	703090
709.091	0.0	Digits_Retrieval	110	709091
720.308	0.0	Baseline_2s	102	720308
722.308	0.0	Encoding_Set_Simultaneous	11	722308
725.108	0.0	Retention_Simultaneous	28	725108
731.108	0.0	Digits_Retrieval	110	731108
749.776	0.0	Baseline_2s	102	749776
751.776	0.0	Encoding_Set_Simultaneous	11	751776
754.576	0.0	Retention_Simultaneous	28	754576
760.576	0.0	Digits_Retrieval	110	760576
781.149	0.0	Baseline_2s	102	781149
783.148	0.0	Encoding_Set_Simultaneous	11	783148
785.949	0.0	Retention_Simultaneous	28	785949
791.949	0.0	Digits_Retrieval	110	791949
833.817	0.0	Baseline_2s	102	833817
835.817	0.0	Encoding_Set_Simultaneous	11	835817
838.618	0.0	Retention_Simultaneous	28	838618
844.617	0.0	Digits_Retrieval	110	844617
851.285	0.0	Baseline_2s	102	851285
853.284	0.0	Encoding_Set_Simultaneous	11	853284
856.085	0.0	Retention_Simultaneous	28	856085
862.085	0.0	Digits_Retrieval	110	862085
886.703	0.0	Baseline_2s	102	886703
888.702	0.0	Encoding_Set_Simultaneous	11	888702
891.503	0.0	Retention_Simultaneous	28	891503
897.502	0.0	Digits_Retrieval	110	897502
912.704	0.0	Baseline_2s	102	912704
914.704	0.0	Encoding_Set_Simultaneous	11	914704
917.504	0.0	Retention_Simultaneous	28	917504
923.504	0.0	Digits_Retrieval	110	923504
952.839	0.0	Baseline_2s	102	952839
954.838	0.0	Encoding_Set_Simultaneous	11	954838
957.639	0.0	Retention_Simultaneous	28	957639
963.639	0.0	Digits_Retrieval	110	963639
975.556	0.0	Baseline_2s	102	975556
977.556	0.0	Encoding_Set_Simultaneous	11	977556
980.357	0.0	Retention_Simultaneous	28	980357
986.356	0.0	Digits_Retrieval	110	986356
994.107	0.0	Baseline_2s	102	994107
996.106	0.0	Encoding_Set_Simultaneous	11	996106
998.907	0.0	Retention_Simultaneous	28	998907
1004.907	0.0	Digits_Retrieval	110	1004907
1036.559	0.0	Baseline_2s	102	1036559
1038.558	0.0	Encoding_Set_Simultaneous	11	1038558
1041.358	0.0	Retention_Simultaneous	28	1041358
1047.358	0.0	Digits_Retrieval	110	1047358
1058.388	0.0	Baseline_2s	102	1058388
1060.388	0.0	Encoding_Set_Simultaneous	11	1060388
1063.188	0.0	Retention_Simultaneous	28	1063188
1069.188	0.0	Digits_Retrieval	110	1069188
1078.277	0.0	Baseline_2s	102	1078277
1080.289	0.0	Encoding_Set_Simultaneous	11	1080289
1083.089	0.0	Retention_Simultaneous	28	1083089
1089.089	0.0	Digits_Retrieval	110	1089089
1098.639	0.0	Baseline_2s	102	1098639
1100.64	0.0	Encoding_Set_Simultaneous	11	1100640
1103.44	0.0	Retention_Simultaneous	28	1103440
1109.44	0.0	Digits_Retrieval	110	1109440
1122.257	0.0	Baseline_2s	102	1122257
1124.257	0.0	Encoding_Set_Simultaneous	11	1124257
1127.057	0.0	Retention_Simultaneous	28	1127057
1133.057	0.0	Digits_Retrieval	110	1133057
1142.379	0.0	Baseline_2s	102	1142379
1144.391	0.0	Encoding_Set_Simultaneous	11	1144391
1147.191	0.0	Retention_Simultaneous	28	1147191
1153.192	0.0	Digits_Retrieval	110	1153192
1178.442	0.0	Baseline_2s	102	1178442
1180.443	0.0	Encoding_Set_Simultaneous	11	1180443
1183.243	0.0	Retention_Simultaneous	28	1183243
1189.243	0.0	Digits_Retrieval	110	1189243
1197.032	0.0	Baseline_2s	102	1197032
1199.031	0.0	Encoding_Set_Simultaneous	11	1199031
1201.832	0.0	Retention_Simultaneous	28	1201832
1207.831	0.0	Digits_Retrieval	110	1207831
1232.549	0.0	Baseline_2s	102	1232549
1234.549	0.0	Encoding_Set_Simultaneous	11	1234549
1237.35	0.0	Retention_Simultaneous	28	1237350
1243.35	0.0	Digits_Retrieval	110	1243350
1253.067	0.0	Baseline_2s	102	1253067
1255.067	0.0	Encoding_Set_Simultaneous	11	1255067
1257.867	0.0	Retention_Simultaneous	28	1257867
1263.867	0.0	Digits_Retrieval	110	1263867
1284.368	0.0	Baseline_2s	102	1284368
1286.368	0.0	Encoding_Set_Simultaneous	11	1286368
1289.168	0.0	Retention_Simultaneous	28	1289168
1295.168	0.0	Digits_Retrieval	110	1295168
1317.131	0.0	Baseline_2s	102	1317131
1319.131	0.0	Encoding_Set_Simultaneous	11	1319131
1321.932	0.0	Retention_Simultaneous	28	1321932
1327.932	0.0	Digits_Retrieval	110	1327932
1348.866	0.0	Baseline_2s	102	1348866
1350.866	0.0	Encoding_Set_Simultaneous	11	1350866
1353.666	0.0	Retention_Simultaneous	28	1353666
1359.666	0.0	Digits_Retrieval	110	1359666
1367.267	0.0	Baseline_2s	102	1367267
1369.267	0.0	Encoding_Set_Simultaneous	11	1369267
1372.067	0.0	Retention_Simultaneous	28	1372067
1378.067	0.0	Digits_Retrieval	110	1378067
1384.122	0.0	Rest	120	1384122
1418.88	0.0	Boundary	99999	1418880
1422.603	0.0	Baseline_2s	102	1422603
1424.603	0.0	Encoding_DigitValue_8	8	1424603
1425.62	0.0	Encoding_DigitValue_7	7	1425620
1426.619	0.0	Encoding_DigitValue_0	10	1426619
1427.62	0.0	Encoding_DigitValue_3	3	1427620
1428.619	0.0	Encoding_DigitValue_5	5	1428619
1429.62	0.0	Encoding_DigitValue_2	2	1429620
1430.619	0.0	Encoding_DigitValue_4	4	1430619
1431.02	0.0	Retention_FastDelay	60	1431020
1437.02	0.0	Digits_Retrieval	110	1437020
1453.321	0.0	Baseline_2s	102	1453321
1455.321	0.0	Encoding_DigitValue_2	2	1455321
1456.321	0.0	Encoding_DigitValue_0	10	1456321
1457.32	0.0	Encoding_DigitValue_6	6	1457320
1458.321	0.0	Encoding_DigitValue_7	7	1458321
1459.321	0.0	Encoding_DigitValue_3	3	1459321
1460.321	0.0	Encoding_DigitValue_4	4	1460321
1461.321	0.0	Encoding_DigitValue_8	8	1461321
1461.721	0.0	Retention_FastDelay	60	1461721
1467.721	0.0	Digits_Retrieval	110	1467721
1487.406	0.0	Baseline_2s	102	1487406
1489.405	0.0	Encoding_DigitValue_1	1	1489405
1490.405	0.0	Encoding_DigitValue_6	6	1490405
1491.405	0.0	Encoding_DigitValue_9	9	1491405
1492.405	0.0	Encoding_DigitValue_8	8	1492405
1493.406	0.0	Encoding_DigitValue_7	7	1493406
1494.405	0.0	Encoding_DigitValue_0	10	1494405
1495.405	0.0	Encoding_DigitValue_4	4	1495405
1495.806	0.0	Retention_FastDelay	60	1495806
1501.806	0.0	Digits_Retrieval	110	1501806
1509.49	0.0	Baseline_2s	102	1509490
1511.49	0.0	Encoding_DigitValue_5	5	1511490
1512.49	0.0	Encoding_DigitValue_4	4	1512490
1513.49	0.0	Encoding_DigitValue_6	6	1513490
1514.49	0.0	Encoding_DigitValue_0	10	1514490
1515.489	0.0	Encoding_DigitValue_8	8	1515489
1516.49	0.0	Encoding_DigitValue_9	9	1516490
1517.49	0.0	Encoding_DigitValue_1	1	1517490
1517.89	0.0	Retention_FastDelay	60	1517890
1523.89	0.0	Digits_Retrieval	110	1523890
1551.142	0.0	Baseline_2s	102	1551142
1553.141	0.0	Encoding_DigitValue_5	5	1553141
1554.141	0.0	Encoding_DigitValue_8	8	1554141
1555.141	0.0	Encoding_DigitValue_4	4	1555141
1556.141	0.0	Encoding_DigitValue_1	1	1556141
1557.141	0.0	Encoding_DigitValue_9	9	1557141
1558.141	0.0	Encoding_DigitValue_7	7	1558141
1559.141	0.0	Encoding_DigitValue_3	3	1559141
1559.542	0.0	Retention_FastDelay	60	1559542
1565.542	0.0	Digits_Retrieval	110	1565542
1585.109	0.0	Baseline_2s	102	1585109
1587.109	0.0	Encoding_DigitValue_8	8	1587109
1588.109	0.0	Encoding_DigitValue_7	7	1588109
1589.109	0.0	Encoding_DigitValue_3	3	1589109
1590.109	0.0	Encoding_DigitValue_5	5	1590109
1591.109	0.0	Encoding_DigitValue_0	10	1591109
1592.109	0.0	Encoding_DigitValue_4	4	1592109
1593.109	0.0	Encoding_DigitValue_1	1	1593109
1593.51	0.0	Retention_FastDelay	60	1593510
1599.51	0.0	Digits_Retrieval	110	1599510
1631.611	0.0	Baseline_2s	102	1631611
1633.611	0.0	Encoding_DigitValue_0	10	1633611
1634.611	0.0	Encoding_DigitValue_3	3	1634611
1635.611	0.0	Encoding_DigitValue_2	2	1635611
1636.611	0.0	Encoding_DigitValue_8	8	1636611
1637.611	0.0	Encoding_DigitValue_9	9	1637611
1638.611	0.0	Encoding_DigitValue_7	7	1638611
1639.611	0.0	Encoding_DigitValue_5	5	1639611
1640.012	0.0	Retention_FastDelay	60	1640012
1646.011	0.0	Digits_Retrieval	110	1646011
1656.824	0.0	Baseline_2s	102	1656824
1658.824	0.0	Encoding_DigitValue_1	1	1658824
1659.824	0.0	Encoding_DigitValue_2	2	1659824
1660.824	0.0	Encoding_DigitValue_4	4	1660824
1661.824	0.0	Encoding_DigitValue_0	10	1661824
1662.824	0.0	Encoding_DigitValue_9	9	1662824
1663.824	0.0	Encoding_DigitValue_7	7	1663824
1664.824	0.0	Encoding_DigitValue_6	6	1664824
1665.224	0.0	Retention_FastDelay	60	1665224
1671.225	0.0	Digits_Retrieval	110	1671225
1698.709	0.0	Baseline_2s	102	1698709
1700.709	0.0	Encoding_DigitValue_4	4	1700709
1701.709	0.0	Encoding_DigitValue_6	6	1701709
1702.709	0.0	Encoding_DigitValue_3	3	1702709
1703.709	0.0	Encoding_DigitValue_1	1	1703709
1704.71	0.0	Encoding_DigitValue_9	9	1704710
1705.709	0.0	Encoding_DigitValue_2	2	1705709
1706.709	0.0	Encoding_DigitValue_8	8	1706709
1707.109	0.0	Retention_FastDelay	60	1707109
1713.109	0.0	Digits_Retrieval	110	1713109
1731.66	0.0	Baseline_2s	102	1731660
1733.66	0.0	Encoding_DigitValue_9	9	1733660
1734.66	0.0	Encoding_DigitValue_4	4	1734660
1735.66	0.0	Encoding_DigitValue_6	6	1735660
1736.661	0.0	Encoding_DigitValue_7	7	1736661
1737.661	0.0	Encoding_DigitValue_2	2	1737661
1738.661	0.0	Encoding_DigitValue_8	8	1738661
1739.661	0.0	Encoding_DigitValue_0	10	1739661
1740.061	0.0	Retention_FastDelay	60	1740061
1746.061	0.0	Digits_Retrieval	110	1746061
1757.5	0.0	Baseline_2s	102	1757500
1759.499	0.0	Encoding_DigitValue_9	9	1759499
1760.499	0.0	Encoding_DigitValue_1	1	1760499
1761.499	0.0	Encoding_DigitValue_7	7	1761499
1762.499	0.0	Encoding_DigitValue_4	4	1762499
1763.499	0.0	Encoding_DigitValue_2	2	1763499
1764.499	0.0	Encoding_DigitValue_8	8	1764499
1765.499	0.0	Encoding_DigitValue_0	10	1765499
1765.9	0.0	Retention_FastDelay	60	1765900
1771.9	0.0	Digits_Retrieval	110	1771900
1783.912	0.0	Baseline_2s	102	1783912
1785.913	0.0	Encoding_DigitValue_4	4	1785913
1786.913	0.0	Encoding_DigitValue_8	8	1786913
1787.912	0.0	Encoding_DigitValue_0	10	1787912
1788.912	0.0	Encoding_DigitValue_1	1	1788912
1789.912	0.0	Encoding_DigitValue_5	5	1789912
1790.912	0.0	Encoding_DigitValue_2	2	1790912
1791.913	0.0	Encoding_DigitValue_7	7	1791913
1792.313	0.0	Retention_FastDelay	60	1792313
1798.313	0.0	Digits_Retrieval	110	1798313
1811.585	0.0	Baseline_2s	102	1811585
1813.585	0.0	Encoding_DigitValue_6	6	1813585
1814.585	0.0	Encoding_DigitValue_5	5	1814585
1815.585	0.0	Encoding_DigitValue_0	10	1815585
1816.585	0.0	Encoding_DigitValue_2	2	1816585
1817.585	0.0	Encoding_DigitValue_7	7	1817585
1818.585	0.0	Encoding_DigitValue_3	3	1818585
1819.585	0.0	Encoding_DigitValue_1	1	1819585
1819.985	0.0	Retention_FastDelay	60	1819985
1825.985	0.0	Digits_Retrieval	110	1825985
1847.503	0.0	Baseline_2s	102	1847503
1849.503	0.0	Encoding_DigitValue_2	2	1849503
1850.503	0.0	Encoding_DigitValue_6	6	1850503
1851.503	0.0	Encoding_DigitValue_4	4	1851503
1852.503	0.0	Encoding_DigitValue_5	5	1852503
1853.503	0.0	Encoding_DigitValue_9	9	1853503
1854.503	0.0	Encoding_DigitValue_8	8	1854503
1855.503	0.0	Encoding_DigitValue_3	3	1855503
1855.903	0.0	Retention_FastDelay	60	1855903
1861.903	0.0	Digits_Retrieval	110	1861903
1872.366	0.0	Baseline_2s	102	1872366
1874.366	0.0	Encoding_DigitValue_7	7	1874366
1875.366	0.0	Encoding_DigitValue_4	4	1875366
1876.366	0.0	Encoding_DigitValue_0	10	1876366
1877.366	0.0	Encoding_DigitValue_6	6	1877366
1878.366	0.0	Encoding_DigitValue_2	2	1878366
1879.366	0.0	Encoding_DigitValue_3	3	1879366
1880.366	0.0	Encoding_DigitValue_9	9	1880366
1880.766	0.0	Retention_FastDelay	60	1880766
1886.766	0.0	Digits_Retrieval	110	1886766
1916.434	0.0	Baseline_2s	102	1916434
1918.434	0.0	Encoding_DigitValue_8	8	1918434
1919.434	0.0	Encoding_DigitValue_5	5	1919434
1920.434	0.0	Encoding_DigitValue_3	3	1920434
1921.434	0.0	Encoding_DigitValue_6	6	1921434
1922.434	0.0	Encoding_DigitValue_1	1	1922434
1923.434	0.0	Encoding_DigitValue_2	2	1923434
1924.434	0.0	Encoding_DigitValue_4	4	1924434
1924.834	0.0	Retention_FastDelay	60	1924834
1930.835	0.0	Digits_Retrieval	110	1930835
1961.858	0.0	Baseline_2s	102	1961858
1963.857	0.0	Encoding_DigitValue_6	6	1963857
1964.857	0.0	Encoding_DigitValue_3	3	1964857
1965.857	0.0	Encoding_DigitValue_7	7	1965857
1966.87	0.0	Encoding_DigitValue_1	1	1966870
1967.87	0.0	Encoding_DigitValue_0	10	1967870
1968.869	0.0	Encoding_DigitValue_2	2	1968869
1969.869	0.0	Encoding_DigitValue_9	9	1969869
1970.27	0.0	Retention_FastDelay	60	1970270
1976.27	0.0	Digits_Retrieval	110	1976270
2007.104	0.0	Baseline_2s	102	2007104
2009.104	0.0	Encoding_DigitValue_8	8	2009104
2010.104	0.0	Encoding_DigitValue_5	5	2010104
2011.105	0.0	Encoding_DigitValue_0	10	2011105
2012.105	0.0	Encoding_DigitValue_3	3	2012105
2013.105	0.0	Encoding_DigitValue_7	7	2013105
2014.105	0.0	Encoding_DigitValue_1	1	2014105
2015.104	0.0	Encoding_DigitValue_9	9	2015104
2015.505	0.0	Retention_FastDelay	60	2015505
2021.505	0.0	Digits_Retrieval	110	2021505
2044.222	0.0	Baseline_2s	102	2044222
2046.223	0.0	Encoding_DigitValue_3	3	2046223
2047.223	0.0	Encoding_DigitValue_4	4	2047223
2048.223	0.0	Encoding_DigitValue_7	7	2048223
2049.223	0.0	Encoding_DigitValue_5	5	2049223
2050.223	0.0	Encoding_DigitValue_9	9	2050223
2051.223	0.0	Encoding_DigitValue_6	6	2051223
2052.223	0.0	Encoding_DigitValue_0	10	2052223
2052.623	0.0	Retention_FastDelay	60	2052623
2058.623	0.0	Digits_Retrieval	110	2058623
2082.157	0.0	Baseline_2s	102	2082157
2084.158	0.0	Encoding_DigitValue_3	3	2084158
2085.157	0.0	Encoding_DigitValue_1	1	2085157
2086.157	0.0	Encoding_DigitValue_6	6	2086157
2087.158	0.0	Encoding_DigitValue_9	9	2087158
2088.158	0.0	Encoding_DigitValue_4	4	2088158
2089.157	0.0	Encoding_DigitValue_0	10	2089157
2090.158	0.0	Encoding_DigitValue_2	2	2090158
2090.558	0.0	Retention_FastDelay	60	2090558
2096.558	0.0	Digits_Retrieval	110	2096558
2116.53	0.0	Baseline_2s	102	2116530
2118.53	0.0	Encoding_DigitValue_4	4	2118530
2119.53	0.0	Encoding_DigitValue_3	3	2119530
2120.53	0.0	Encoding_DigitValue_6	6	2120530
2121.53	0.0	Encoding_DigitValue_5	5	2121530
2122.543	0.0	Encoding_DigitValue_8	8	2122543
2123.542	0.0	Encoding_DigitValue_2	2	2123542
2124.542	0.0	Encoding_DigitValue_1	1	2124542
2124.942	0.0	Retention_FastDelay	60	2124942
2130.942	0.0	Digits_Retrieval	110	2130942
2148.493	0.0	Baseline_2s	102	2148493
2150.493	0.0	Encoding_DigitValue_1	1	2150493
2151.493	0.0	Encoding_DigitValue_8	8	2151493
2152.493	0.0	Encoding_DigitValue_9	9	2152493
2153.493	0.0	Encoding_DigitValue_0	10	2153493
2154.494	0.0	Encoding_DigitValue_5	5	2154494
2155.494	0.0	Encoding_DigitValue_6	6	2155494
2156.493	0.0	Encoding_DigitValue_2	2	2156493
2156.893	0.0	Retention_FastDelay	60	2156893
2162.894	0.0	Digits_Retrieval	110	2162894
2179.877	0.0	Baseline_2s	102	2179877
2181.878	0.0	Encoding_DigitValue_0	10	2181878
2182.878	0.0	Encoding_DigitValue_6	6	2182878
2183.878	0.0	Encoding_DigitValue_9	9	2183878
2184.878	0.0	Encoding_DigitValue_8	8	2184878
2185.878	0.0	Encoding_DigitValue_1	1	2185878
2186.878	0.0	Encoding_DigitValue_2	2	2186878
2187.878	0.0	Encoding_DigitValue_4	4	2187878
2188.278	0.0	Retention_FastDelay	60	2188278
2194.278	0.0	Digits_Retrieval	110	2194278
2233.752	0.0	Baseline_2s	102	2233752
2235.751	0.0	Encoding_DigitValue_2	2	2235751
2236.751	0.0	Encoding_DigitValue_8	8	2236751
2237.751	0.0	Encoding_DigitValue_4	4	2237751
2238.751	0.0	Encoding_DigitValue_0	10	2238751
2239.764	0.0	Encoding_DigitValue_5	5	2239764
2240.763	0.0	Encoding_DigitValue_6	6	2240763
2241.764	0.0	Encoding_DigitValue_1	1	2241764
2242.164	0.0	Retention_FastDelay	60	2242164
2248.164	0.0	Digits_Retrieval	110	2248164
2267.348	0.0	Baseline_2s	102	2267348
2269.348	0.0	Encoding_DigitValue_1	1	2269348
2270.348	0.0	Encoding_DigitValue_0	10	2270348
2271.348	0.0	Encoding_DigitValue_5	5	2271348
2272.348	0.0	Encoding_DigitValue_2	2	2272348
2273.348	0.0	Encoding_DigitValue_3	3	2273348
2274.348	0.0	Encoding_DigitValue_6	6	2274348
2275.348	0.0	Encoding_DigitValue_9	9	2275348
2275.749	0.0	Retention_FastDelay	60	2275749
2281.748	0.0	Digits_Retrieval	110	2281748
2286.57	0.0	Rest	120	2286570
2340.306	0.0	Baseline_2s	102	2340306
2342.305	0.0	Encoding_DigitValue_0	10	2342305
2343.305	0.0	Encoding_DigitValue_7	7	2343305
2344.305	0.0	Encoding_DigitValue_6	6	2344305
2345.305	0.0	Encoding_DigitValue_8	8	2345305
2346.305	0.0	Encoding_DigitValue_1	1	2346305
2347.305	0.0	Encoding_DigitValue_9	9	2347305
2348.305	0.0	Encoding_DigitValue_3	3	2348305
2348.706	0.0	Retention_FastDelay	60	2348706
2354.706	0.0	Digits_Retrieval	110	2354706
2370.635	0.0	Baseline_2s	102	2370635
2372.635	0.0	Encoding_DigitValue_0	10	2372635
2373.635	0.0	Encoding_DigitValue_5	5	2373635
2374.635	0.0	Encoding_DigitValue_2	2	2374635
2375.635	0.0	Encoding_DigitValue_4	4	2375635
2376.635	0.0	Encoding_DigitValue_9	9	2376635
2377.635	0.0	Encoding_DigitValue_6	6	2377635
2378.635	0.0	Encoding_DigitValue_7	7	2378635
2379.035	0.0	Retention_FastDelay	60	2379035
2385.036	0.0	Digits_Retrieval	110	2385036
2414.392	0.0	Baseline_2s	102	2414392
2416.391	0.0	Encoding_DigitValue_5	5	2416391
2417.392	0.0	Encoding_DigitValue_6	6	2417392
2418.391	0.0	Encoding_DigitValue_8	8	2418391
2419.392	0.0	Encoding_DigitValue_2	2	2419392
2420.392	0.0	Encoding_DigitValue_9	9	2420392
2421.392	0.0	Encoding_DigitValue_3	3	2421392
2422.392	0.0	Encoding_DigitValue_4	4	2422392
2422.792	0.0	Retention_FastDelay	60	2422792
2428.792	0.0	Digits_Retrieval	110	2428792
2436.009	0.0	Baseline_2s	102	2436009
2438.009	0.0	Encoding_DigitValue_0	10	2438009
2439.009	0.0	Encoding_DigitValue_7	7	2439009
2440.009	0.0	Encoding_DigitValue_3	3	2440009
2441.009	0.0	Encoding_DigitValue_6	6	2441009
2442.009	0.0	Encoding_DigitValue_9	9	2442009
2443.009	0.0	Encoding_DigitValue_4	4	2443009
2444.009	0.0	Encoding_DigitValue_5	5	2444009
2444.41	0.0	Retention_FastDelay	60	2444410
2450.409	0.0	Digits_Retrieval	110	2450409
2458.544	0.0	Baseline_2s	102	2458544
2460.543	0.0	Encoding_DigitValue_7	7	2460543
2461.543	0.0	Encoding_DigitValue_2	2	2461543
2462.543	0.0	Encoding_DigitValue_0	10	2462543
2463.543	0.0	Encoding_DigitValue_9	9	2463543
2464.543	0.0	Encoding_DigitValue_5	5	2464543
2465.543	0.0	Encoding_DigitValue_8	8	2465543
2466.543	0.0	Encoding_DigitValue_4	4	2466543
2466.944	0.0	Retention_FastDelay	60	2466944
2472.944	0.0	Digits_Retrieval	110	2472944
2480.378	0.0	Baseline_2s	102	2480378
2482.377	0.0	Encoding_DigitValue_0	10	2482377
2483.377	0.0	Encoding_DigitValue_9	9	2483377
2484.377	0.0	Encoding_DigitValue_1	1	2484377
2485.377	0.0	Encoding_DigitValue_8	8	2485377
2486.377	0.0	Encoding_DigitValue_3	3	2486377
2487.377	0.0	Encoding_DigitValue_6	6	2487377
2488.378	0.0	Encoding_DigitValue_5	5	2488378
2488.778	0.0	Retention_FastDelay	60	2488778
2494.778	0.0	Digits_Retrieval	110	2494778
2504.69	0.0	Baseline_2s	102	2504690
2506.69	0.0	Encoding_DigitValue_5	5	2506690
2507.691	0.0	Encoding_DigitValue_3	3	2507691
2508.691	0.0	Encoding_DigitValue_1	1	2508691
2509.69	0.0	Encoding_DigitValue_6	6	2509690
2510.691	0.0	Encoding_DigitValue_8	8	2510691
2511.691	0.0	Encoding_DigitValue_0	10	2511691
2512.691	0.0	Encoding_DigitValue_4	4	2512691
2513.091	0.0	Retention_FastDelay	60	2513091
2519.091	0.0	Digits_Retrieval	110	2519091
2530.113	0.0	Baseline_2s	102	2530113
2532.113	0.0	Encoding_DigitValue_4	4	2532113
2533.112	0.0	Encoding_DigitValue_9	9	2533112
2534.113	0.0	Encoding_DigitValue_5	5	2534113
2535.113	0.0	Encoding_DigitValue_1	1	2535113
2536.113	0.0	Encoding_DigitValue_0	10	2536113
2537.113	0.0	Encoding_DigitValue_2	2	2537113
2538.113	0.0	Encoding_DigitValue_7	7	2538113
2538.513	0.0	Retention_FastDelay	60	2538513
2544.513	0.0	Digits_Retrieval	110	2544513
2569.115	0.0	Baseline_2s	102	2569115
2571.114	0.0	Encoding_DigitValue_9	9	2571114
2572.114	0.0	Encoding_DigitValue_1	1	2572114
2573.114	0.0	Encoding_DigitValue_3	3	2573114
2574.114	0.0	Encoding_DigitValue_7	7	2574114
2575.114	0.0	Encoding_DigitValue_2	2	2575114
2576.114	0.0	Encoding_DigitValue_5	5	2576114
2577.114	0.0	Encoding_DigitValue_6	6	2577114
2577.515	0.0	Retention_FastDelay	60	2577515
2583.515	0.0	Digits_Retrieval	110	2583515
2590.832	0.0	Baseline_2s	102	2590832
2592.832	0.0	Encoding_DigitValue_1	1	2592832
2593.832	0.0	Encoding_DigitValue_6	6	2593832
2594.832	0.0	Encoding_DigitValue_8	8	2594832
2595.832	0.0	Encoding_DigitValue_7	7	2595832
2596.832	0.0	Encoding_DigitValue_4	4	2596832
2597.832	0.0	Encoding_DigitValue_3	3	2597832
2598.832	0.0	Encoding_DigitValue_0	10	2598832
2599.232	0.0	Retention_FastDelay	60	2599232
2605.232	0.0	Digits_Retrieval	110	2605232
2621.067	0.0	Baseline_2s	102	2621067
2623.078	0.0	Encoding_DigitValue_0	10	2623078
2624.078	0.0	Encoding_DigitValue_5	5	2624078
2625.078	0.0	Encoding_DigitValue_4	4	2625078
2626.078	0.0	Encoding_DigitValue_8	8	2626078
2627.078	0.0	Encoding_DigitValue_7	7	2627078
2628.078	0.0	Encoding_DigitValue_1	1	2628078
2629.079	0.0	Encoding_DigitValue_3	3	2629079
2629.479	0.0	Retention_FastDelay	60	2629479
2635.479	0.0	Digits_Retrieval	110	2635479
2642.346	0.0	Baseline_2s	102	2642346
2644.346	0.0	Encoding_DigitValue_2	2	2644346
2645.346	0.0	Encoding_DigitValue_9	9	2645346
2646.346	0.0	Encoding_DigitValue_8	8	2646346
2647.346	0.0	Encoding_DigitValue_1	1	2647346
2648.346	0.0	Encoding_DigitValue_6	6	2648346
2649.346	0.0	Encoding_DigitValue_3	3	2649346
2650.346	0.0	Encoding_DigitValue_7	7	2650346
2650.746	0.0	Retention_FastDelay	60	2650746
2656.746	0.0	Digits_Retrieval	110	2656746
2666.33	0.0	Baseline_2s	102	2666330
2668.33	0.0	Encoding_DigitValue_1	1	2668330
2669.33	0.0	Encoding_DigitValue_3	3	2669330
2670.33	0.0	Encoding_DigitValue_9	9	2670330
2671.33	0.0	Encoding_DigitValue_6	6	2671330
2672.33	0.0	Encoding_DigitValue_2	2	2672330
2673.33	0.0	Encoding_DigitValue_4	4	2673330
2674.331	0.0	Encoding_DigitValue_0	10	2674331
2674.731	0.0	Retention_FastDelay	60	2674731
2680.731	0.0	Digits_Retrieval	110	2680731
2689.781	0.0	Baseline_2s	102	2689781
2691.781	0.0	Encoding_DigitValue_8	8	2691781
2692.781	0.0	Encoding_DigitValue_0	10	2692781
2693.781	0.0	Encoding_DigitValue_3	3	2693781
2694.781	0.0	Encoding_DigitValue_6	6	2694781
2695.781	0.0	Encoding_DigitValue_4	4	2695781
2696.781	0.0	Encoding_DigitValue_2	2	2696781
2697.781	0.0	Encoding_DigitValue_1	1	2697781
2698.181	0.0	Retention_FastDelay	60	2698181
2704.181	0.0	Digits_Retrieval	110	2704181
2743.738	0.0	Baseline_2s	102	2743738
2745.738	0.0	Encoding_DigitValue_2	2	2745738
2746.738	0.0	Encoding_DigitValue_1	1	2746738
2747.737	0.0	Encoding_DigitValue_7	7	2747737
2748.738	0.0	Encoding_DigitValue_3	3	2748738
2749.738	0.0	Encoding_DigitValue_5	5	2749738
2750.738	0.0	Encoding_DigitValue_4	4	2750738
2751.738	0.0	Encoding_DigitValue_6	6	2751738
2752.138	0.0	Retention_FastDelay	60	2752138
2758.138	0.0	Digits_Retrieval	110	2758138
2770.506	0.0	Baseline_2s	102	2770506
2772.505	0.0	Encoding_DigitValue_7	7	2772505
2773.505	0.0	Encoding_DigitValue_9	9	2773505
2774.505	0.0	Encoding_DigitValue_4	4	2774505
2775.518	0.0	Encoding_DigitValue_0	10	2775518
2776.518	0.0	Encoding_DigitValue_8	8	2776518
2777.517	0.0	Encoding_DigitValue_1	1	2777517
2778.518	0.0	Encoding_DigitValue_5	5	2778518
2778.918	0.0	Retention_FastDelay	60	2778918
2784.918	0.0	Digits_Retrieval	110	2784918
2808.669	0.0	Baseline_2s	102	2808669
2810.669	0.0	Encoding_DigitValue_9	9	2810669
2811.669	0.0	Encoding_DigitValue_0	10	2811669
2812.669	0.0	Encoding_DigitValue_5	5	2812669
2813.669	0.0	Encoding_DigitValue_8	8	2813669
2814.669	0.0	Encoding_DigitValue_1	1	2814669
2815.669	0.0	Encoding_DigitValue_6	6	2815669
2816.669	0.0	Encoding_DigitValue_4	4	2816669
2817.069	0.0	Retention_FastDelay	60	2817069
2823.069	0.0	Digits_Retrieval	110	2823069
2850.692	0.0	Baseline_2s	102	2850692
2852.704	0.0	Encoding_DigitValue_2	2	2852704
2853.704	0.0	Encoding_DigitValue_7	7	2853704
2854.704	0.0	Encoding_DigitValue_9	9	2854704
2855.704	0.0	Encoding_DigitValue_6	6	2855704
2856.704	0.0	Encoding_DigitValue_0	10	2856704
2857.704	0.0	Encoding_DigitValue_4	4	2857704
2858.704	0.0	Encoding_DigitValue_8	8	2858704
2859.104	0.0	Retention_FastDelay	60	2859104
2865.105	0.0	Digits_Retrieval	110	2865105
2883.727	0.0	Baseline_2s	102	2883727
2885.726	0.0	Encoding_DigitValue_1	1	2885726
2886.727	0.0	Encoding_DigitValue_2	2	2886727
2887.726	0.0	Encoding_DigitValue_5	5	2887726
2888.727	0.0	Encoding_DigitValue_4	4	2888727
2889.727	0.0	Encoding_DigitValue_8	8	2889727
2890.727	0.0	Encoding_DigitValue_9	9	2890727
2891.727	0.0	Encoding_DigitValue_6	6	2891727
2892.127	0.0	Retention_FastDelay	60	2892127
2898.127	0.0	Digits_Retrieval	110	2898127
2904.006	0.0	Baseline_2s	102	2904006
2906.006	0.0	Encoding_DigitValue_7	7	2906006
2907.006	0.0	Encoding_DigitValue_0	10	2907006
2908.006	0.0	Encoding_DigitValue_9	9	2908006
2909.006	0.0	Encoding_DigitValue_3	3	2909006
2910.006	0.0	Encoding_DigitValue_4	4	2910006
2911.006	0.0	Encoding_DigitValue_1	1	2911006
2912.006	0.0	Encoding_DigitValue_8	8	2912006
2912.406	0.0	Retention_FastDelay	60	2912406
2918.406	0.0	Digits_Retrieval	110	2918406
2933.829	0.0	Baseline_2s	102	2933829
2935.828	0.0	Encoding_DigitValue_0	10	2935828
2936.828	0.0	Encoding_DigitValue_2	2	2936828
2937.828	0.0	Encoding_DigitValue_5	5	2937828
2938.828	0.0	Encoding_DigitValue_9	9	2938828
2939.828	0.0	Encoding_DigitValue_8	8	2939828
2940.829	0.0	Encoding_DigitValue_1	1	2940829
2941.828	0.0	Encoding_DigitValue_3	3	2941828
2942.229	0.0	Retention_FastDelay	60	2942229
2948.229	0.0	Digits_Retrieval	110	2948229
2955.38	0.0	Baseline_2s	102	2955380
2957.379	0.0	Encoding_DigitValue_6	6	2957379
2958.379	0.0	Encoding_DigitValue_8	8	2958379
2959.379	0.0	Encoding_DigitValue_1	1	2959379
2960.379	0.0	Encoding_DigitValue_0	10	2960379
2961.379	0.0	Encoding_DigitValue_7	7	2961379
2962.379	0.0	Encoding_DigitValue_9	9	2962379
2963.379	0.0	Encoding_DigitValue_2	2	2963379
2963.78	0.0	Retention_FastDelay	60	2963780
2969.78	0.0	Digits_Retrieval	110	2969780
2985.376	0.0	Baseline_2s	102	2985376
2987.376	0.0	Encoding_DigitValue_5	5	2987376
2988.376	0.0	Encoding_DigitValue_2	2	2988376
2989.376	0.0	Encoding_DigitValue_0	10	2989376
2990.376	0.0	Encoding_DigitValue_1	1	2990376
2991.376	0.0	Encoding_DigitValue_7	7	2991376
2992.376	0.0	Encoding_DigitValue_6	6	2992376
2993.376	0.0	Encoding_DigitValue_8	8	2993376
2993.776	0.0	Retention_FastDelay	60	2993776
2999.776	0.0	Digits_Retrieval	110	2999776
3034.394	0.0	Baseline_2s	102	3034394
3036.394	0.0	Encoding_DigitValue_1	1	3036394
3037.394	0.0	Encoding_DigitValue_4	4	3037394
3038.394	0.0	Encoding_DigitValue_9	9	3038394
3039.394	0.0	Encoding_DigitValue_6	6	3039394
3040.398	0.0	Encoding_DigitValue_3	3	3040398
3041.399	0.0	Encoding_DigitValue_8	8	3041399
3042.399	0.0	Encoding_DigitValue_0	10	3042399
3042.8	0.0	Retention_FastDelay	60	3042800
3048.799	0.0	Digits_Retrieval	110	3048799
3061.1	0.0	Baseline_2s	102	3061100
3063.1	0.0	Encoding_DigitValue_0	10	3063100
3064.1	0.0	Encoding_DigitValue_8	8	3064100
3065.1	0.0	Encoding_DigitValue_9	9	3065100
3066.1	0.0	Encoding_DigitValue_5	5	3066100
3067.1	0.0	Encoding_DigitValue_6	6	3067100
3068.1	0.0	Encoding_DigitValue_7	7	3068100
3069.1	0.0	Encoding_DigitValue_4	4	3069100
3069.5	0.0	Retention_FastDelay	60	3069500
3075.5	0.0	Digits_Retrieval	110	3075500
3079.668	0.0	Rest	120	3079668
3095.52	0.0	Boundary	99999	3095520
3101.014	0.0	Baseline_2s	102	3101014
3103.014	0.0	Encoding_DigitValue_8	8	3103014
3104.014	0.0	Encoding_DigitValue_5	5	3104014
3105.014	0.0	Encoding_DigitValue_9	9	3105014
3106.014	0.0	Encoding_DigitValue_1	1	3106014
3107.014	0.0	Encoding_DigitValue_0	10	3107014
3108.014	0.0	Encoding_DigitValue_6	6	3108014
3109.014	0.0	Encoding_DigitValue_2	2	3109014
3110.015	0.0	Retention_Slow	100	3110015
3116.014	0.0	Digits_Retrieval	110	3116014
3124.698	0.0	Baseline_2s	102	3124698
3126.698	0.0	Encoding_DigitValue_0	10	3126698
3127.698	0.0	Encoding_DigitValue_1	1	3127698
3128.698	0.0	Encoding_DigitValue_2	2	3128698
3129.698	0.0	Encoding_DigitValue_6	6	3129698
3130.698	0.0	Encoding_DigitValue_3	3	3130698
3131.698	0.0	Encoding_DigitValue_8	8	3131698
3132.698	0.0	Encoding_DigitValue_9	9	3132698
3133.699	0.0	Retention_Slow	100	3133699
3139.699	0.0	Digits_Retrieval	110	3139699
3145.682	0.0	Baseline_2s	102	3145682
3147.682	0.0	Encoding_DigitValue_5	5	3147682
3148.682	0.0	Encoding_DigitValue_9	9	3148682
3149.682	0.0	Encoding_DigitValue_1	1	3149682
3150.682	0.0	Encoding_DigitValue_4	4	3150682
3151.682	0.0	Encoding_DigitValue_8	8	3151682
3152.695	0.0	Encoding_DigitValue_3	3	3152695
3153.695	0.0	Encoding_DigitValue_7	7	3153695
3154.695	0.0	Retention_Slow	100	3154695
3160.695	0.0	Digits_Retrieval	110	3160695
3198.051	0.0	Baseline_2s	102	3198051
3200.051	0.0	Encoding_DigitValue_5	5	3200051
3201.051	0.0	Encoding_DigitValue_8	8	3201051
3202.051	0.0	Encoding_DigitValue_2	2	3202051
3203.051	0.0	Encoding_DigitValue_9	9	3203051
3204.051	0.0	Encoding_DigitValue_0	10	3204051
3205.051	0.0	Encoding_DigitValue_6	6	3205051
3206.051	0.0	Encoding_DigitValue_4	4	3206051
3207.052	0.0	Retention_Slow	100	3207052
3213.051	0.0	Digits_Retrieval	110	3213051
3240.086	0.0	Baseline_2s	102	3240086
3242.086	0.0	Encoding_DigitValue_3	3	3242086
3243.086	0.0	Encoding_DigitValue_1	1	3243086
3244.086	0.0	Encoding_DigitValue_8	8	3244086
3245.086	0.0	Encoding_DigitValue_4	4	3245086
3246.086	0.0	Encoding_DigitValue_5	5	3246086
3247.086	0.0	Encoding_DigitValue_0	10	3247086
3248.086	0.0	Encoding_DigitValue_7	7	3248086
3249.087	0.0	Retention_Slow	100	3249087
3255.086	0.0	Digits_Retrieval	110	3255086
3275.182	0.0	Baseline_2s	102	3275182
3277.183	0.0	Encoding_DigitValue_5	5	3277183
3278.183	0.0	Encoding_DigitValue_8	8	3278183
3279.183	0.0	Encoding_DigitValue_4	4	3279183
3280.183	0.0	Encoding_DigitValue_6	6	3280183
3281.183	0.0	Encoding_DigitValue_2	2	3281183
3282.183	0.0	Encoding_DigitValue_1	1	3282183
3283.183	0.0	Encoding_DigitValue_0	10	3283183
3284.183	0.0	Retention_Slow	100	3284183
3290.183	0.0	Digits_Retrieval	110	3290183
3302.084	0.0	Baseline_2s	102	3302084
3304.084	0.0	Encoding_DigitValue_7	7	3304084
3305.084	0.0	Encoding_DigitValue_2	2	3305084
3306.084	0.0	Encoding_DigitValue_0	10	3306084
3307.084	0.0	Encoding_DigitValue_5	5	3307084
3308.084	0.0	Encoding_DigitValue_1	1	3308084
3309.084	0.0	Encoding_DigitValue_8	8	3309084
3310.084	0.0	Encoding_DigitValue_3	3	3310084
3311.084	0.0	Retention_Slow	100	3311084
3317.085	0.0	Digits_Retrieval	110	3317085
3342.368	0.0	Baseline_2s	102	3342368
3344.369	0.0	Encoding_DigitValue_7	7	3344369
3345.369	0.0	Encoding_DigitValue_2	2	3345369
3346.369	0.0	Encoding_DigitValue_4	4	3346369
3347.369	0.0	Encoding_DigitValue_0	10	3347369
3348.369	0.0	Encoding_DigitValue_8	8	3348369
3349.369	0.0	Encoding_DigitValue_6	6	3349369
3350.369	0.0	Encoding_DigitValue_9	9	3350369
3351.369	0.0	Retention_Slow	100	3351369
3357.369	0.0	Digits_Retrieval	110	3357369
3363.991	0.0	Baseline_2s	102	3363991
3365.99	0.0	Encoding_DigitValue_3	3	3365990
3366.991	0.0	Encoding_DigitValue_2	2	3366991
3367.991	0.0	Encoding_DigitValue_6	6	3367991
3368.991	0.0	Encoding_DigitValue_7	7	3368991
3369.991	0.0	Encoding_DigitValue_5	5	3369991
3370.991	0.0	Encoding_DigitValue_1	1	3370991
3371.991	0.0	Encoding_DigitValue_8	8	3371991
3372.991	0.0	Retention_Slow	100	3372991
3378.991	0.0	Digits_Retrieval	110	3378991
3419.855	0.0	Baseline_2s	102	3419855
3421.855	0.0	Encoding_DigitValue_0	10	3421855
3422.855	0.0	Encoding_DigitValue_3	3	3422855
3423.855	0.0	Encoding_DigitValue_6	6	3423855
3424.855	0.0	Encoding_DigitValue_4	4	3424855
3425.855	0.0	Encoding_DigitValue_9	9	3425855
3426.855	0.0	Encoding_DigitValue_5	5	3426855
3427.855	0.0	Encoding_DigitValue_2	2	3427855
3428.855	0.0	Retention_Slow	100	3428855
3434.856	0.0	Digits_Retrieval	110	3434856
3441.422	0.0	Baseline_2s	102	3441422
3443.423	0.0	Encoding_DigitValue_7	7	3443423
3444.422	0.0	Encoding_DigitValue_2	2	3444422
3445.423	0.0	Encoding_DigitValue_1	1	3445423
3446.423	0.0	Encoding_DigitValue_8	8	3446423
3447.423	0.0	Encoding_DigitValue_3	3	3447423
3448.423	0.0	Encoding_DigitValue_5	5	3448423
3449.423	0.0	Encoding_DigitValue_9	9	3449423
3450.423	0.0	Retention_Slow	100	3450423
3456.423	0.0	Digits_Retrieval	110	3456423
3465.89	0.0	Baseline_2s	102	3465890
3467.89	0.0	Encoding_DigitValue_3	3	3467890
3468.89	0.0	Encoding_DigitValue_2	2	3468890
3469.89	0.0	Encoding_DigitValue_9	9	3469890
3470.89	0.0	Encoding_DigitValue_6	6	3470890
3471.89	0.0	Encoding_DigitValue_4	4	3471890
3472.89	0.0	Encoding_DigitValue_0	10	3472890
3473.89	0.0	Encoding_DigitValue_1	1	3473890
3474.891	0.0	Retention_Slow	100	3474891
3480.89	0.0	Digits_Retrieval	110	3480890
3487.012	0.0	Baseline_2s	102	3487012
3489.012	0.0	Encoding_DigitValue_5	5	3489012
3490.025	0.0	Encoding_DigitValue_9	9	3490025
3491.024	0.0	Encoding_DigitValue_8	8	3491024
3492.024	0.0	Encoding_DigitValue_3	3	3492024
3493.024	0.0	Encoding_DigitValue_4	4	3493024
3494.025	0.0	Encoding_DigitValue_0	10	3494025
3495.024	0.0	Encoding_DigitValue_6	6	3495024
3496.024	0.0	Retention_Slow	100	3496024
3502.025	0.0	Digits_Retrieval	110	3502025
3508.413	0.0	Baseline_2s	102	3508413
3510.413	0.0	Encoding_DigitValue_2	2	3510413
3511.413	0.0	Encoding_DigitValue_9	9	3511413
3512.413	0.0	Encoding_DigitValue_7	7	3512413
3513.413	0.0	Encoding_DigitValue_1	1	3513413
3514.413	0.0	Encoding_DigitValue_6	6	3514413
3515.413	0.0	Encoding_DigitValue_8	8	3515413
3516.413	0.0	Encoding_DigitValue_0	10	3516413
3517.414	0.0	Retention_Slow	100	3517414
3523.413	0.0	Digits_Retrieval	110	3523413
3535.831	0.0	Baseline_2s	102	3535831
3537.831	0.0	Encoding_DigitValue_0	10	3537831
3538.843	0.0	Encoding_DigitValue_2	2	3538843
3539.846	0.0	Encoding_DigitValue_1	1	3539846
3540.848	0.0	Encoding_DigitValue_9	9	3540848
3541.847	0.0	Encoding_DigitValue_8	8	3541847
3542.848	0.0	Encoding_DigitValue_7	7	3542848
3543.847	0.0	Encoding_DigitValue_5	5	3543847
3544.848	0.0	Retention_Slow	100	3544848
3550.848	0.0	Digits_Retrieval	110	3550848
3556.277	0.0	Baseline_2s	102	3556277
3558.277	0.0	Encoding_DigitValue_5	5	3558277
3559.277	0.0	Encoding_DigitValue_3	3	3559277
3560.277	0.0	Encoding_DigitValue_7	7	3560277
3561.277	0.0	Encoding_DigitValue_8	8	3561277
3562.277	0.0	Encoding_DigitValue_1	1	3562277
3563.277	0.0	Encoding_DigitValue_4	4	3563277
3564.277	0.0	Encoding_DigitValue_6	6	3564277
3565.277	0.0	Retention_Slow	100	3565277
3571.277	0.0	Digits_Retrieval	110	3571277
3591.445	0.0	Baseline_2s	102	3591445
3593.445	0.0	Encoding_DigitValue_5	5	3593445
3594.445	0.0	Encoding_DigitValue_9	9	3594445
3595.445	0.0	Encoding_DigitValue_8	8	3595445
3596.445	0.0	Encoding_DigitValue_1	1	3596445
3597.445	0.0	Encoding_DigitValue_7	7	3597445
3598.445	0.0	Encoding_DigitValue_2	2	3598445
3599.445	0.0	Encoding_DigitValue_0	10	3599445
3600.445	0.0	Retention_Slow	100	3600445
3606.445	0.0	Digits_Retrieval	110	3606445
3614.962	0.0	Baseline_2s	102	3614962
3616.963	0.0	Encoding_DigitValue_7	7	3616963
3617.962	0.0	Encoding_DigitValue_2	2	3617962
3618.963	0.0	Encoding_DigitValue_3	3	3618963
3619.966	0.0	Encoding_DigitValue_6	6	3619966
3620.967	0.0	Encoding_DigitValue_8	8	3620967
3621.967	0.0	Encoding_DigitValue_1	1	3621967
3622.967	0.0	Encoding_DigitValue_0	10	3622967
3623.968	0.0	Retention_Slow	100	3623968
3629.967	0.0	Digits_Retrieval	110	3629967
3636.135	0.0	Baseline_2s	102	3636135
3638.135	0.0	Encoding_DigitValue_1	1	3638135
3639.135	0.0	Encoding_DigitValue_4	4	3639135
3640.134	0.0	Encoding_DigitValue_9	9	3640134
3641.135	0.0	Encoding_DigitValue_5	5	3641135
3642.135	0.0	Encoding_DigitValue_7	7	3642135
3643.134	0.0	Encoding_DigitValue_8	8	3643134
3644.135	0.0	Encoding_DigitValue_3	3	3644135
3645.135	0.0	Retention_Slow	100	3645135
3651.135	0.0	Digits_Retrieval	110	3651135
3659.653	0.0	Baseline_2s	102	3659653
3661.652	0.0	Encoding_DigitValue_1	1	3661652
3662.652	0.0	Encoding_DigitValue_3	3	3662652
3663.652	0.0	Encoding_DigitValue_7	7	3663652
3664.652	0.0	Encoding_DigitValue_6	6	3664652
3665.652	0.0	Encoding_DigitValue_0	10	3665652
3666.652	0.0	Encoding_DigitValue_8	8	3666652
3667.652	0.0	Encoding_DigitValue_2	2	3667652
3668.653	0.0	Retention_Slow	100	3668653
3674.653	0.0	Digits_Retrieval	110	3674653
3683.437	0.0	Baseline_2s	102	3683437
3685.436	0.0	Encoding_DigitValue_1	1	3685436
3686.436	0.0	Encoding_DigitValue_8	8	3686436
3687.436	0.0	Encoding_DigitValue_7	7	3687436
3688.437	0.0	Encoding_DigitValue_6	6	3688437
3689.436	0.0	Encoding_DigitValue_9	9	3689436
3690.437	0.0	Encoding_DigitValue_3	3	3690437
3691.436	0.0	Encoding_DigitValue_4	4	3691436
3692.437	0.0	Retention_Slow	100	3692437
3698.437	0.0	Digits_Retrieval	110	3698437
3710.305	0.0	Baseline_2s	102	3710305
3712.304	0.0	Encoding_DigitValue_6	6	3712304
3713.304	0.0	Encoding_DigitValue_0	10	3713304
3714.304	0.0	Encoding_DigitValue_4	4	3714304
3715.304	0.0	Encoding_DigitValue_3	3	3715304
3716.304	0.0	Encoding_DigitValue_7	7	3716304
3717.304	0.0	Encoding_DigitValue_9	9	3717304
3718.304	0.0	Encoding_DigitValue_2	2	3718304
3719.305	0.0	Retention_Slow	100	3719305
3725.305	0.0	Digits_Retrieval	110	3725305
3731.522	0.0	Baseline_2s	102	3731522
3733.521	0.0	Encoding_DigitValue_6	6	3733521
3734.522	0.0	Encoding_DigitValue_3	3	3734522
3735.522	0.0	Encoding_DigitValue_4	4	3735522
3736.522	0.0	Encoding_DigitValue_9	9	3736522
3737.522	0.0	Encoding_DigitValue_7	7	3737522
3738.522	0.0	Encoding_DigitValue_0	10	3738522
3739.522	0.0	Encoding_DigitValue_2	2	3739522
3740.522	0.0	Retention_Slow	100	3740522
3746.522	0.0	Digits_Retrieval	110	3746522
3752.418	0.0	Baseline_2s	102	3752418
3754.418	0.0	Encoding_DigitValue_0	10	3754418
3755.418	0.0	Encoding_DigitValue_9	9	3755418
3756.418	0.0	Encoding_DigitValue_7	7	3756418
3757.418	0.0	Encoding_DigitValue_1	1	3757418
3758.418	0.0	Encoding_DigitValue_4	4	3758418
3759.418	0.0	Encoding_DigitValue_5	5	3759418
3760.418	0.0	Encoding_DigitValue_6	6	3760418
3761.418	0.0	Retention_Slow	100	3761418
3767.418	0.0	Digits_Retrieval	110	3767418
3798.37	0.0	Baseline_2s	102	3798370
3800.37	0.0	Encoding_DigitValue_4	4	3800370
3801.37	0.0	Encoding_DigitValue_2	2	3801370
3802.37	0.0	Encoding_DigitValue_3	3	3802370
3803.37	0.0	Encoding_DigitValue_5	5	3803370
3804.37	0.0	Encoding_DigitValue_0	10	3804370
3805.37	0.0	Encoding_DigitValue_6	6	3805370
3806.37	0.0	Encoding_DigitValue_7	7	3806370
3807.37	0.0	Retention_Slow	100	3807370
3813.37	0.0	Digits_Retrieval	110	3813370
3824.876	0.0	Rest	120	3824876
3850.793	0.0	Baseline_2s	102	3850793
3852.793	0.0	Encoding_DigitValue_8	8	3852793
3853.793	0.0	Encoding_DigitValue_7	7	3853793
3854.793	0.0	Encoding_DigitValue_1	1	3854793
3855.793	0.0	Encoding_DigitValue_0	10	3855793
3856.793	0.0	Encoding_DigitValue_4	4	3856793
3857.793	0.0	Encoding_DigitValue_2	2	3857793
3858.793	0.0	Encoding_DigitValue_9	9	3858793
3859.794	0.0	Retention_Slow	100	3859794
3865.793	0.0	Digits_Retrieval	110	3865793
3874.578	0.0	Baseline_2s	102	3874578
3876.577	0.0	Encoding_DigitValue_1	1	3876577
3877.577	0.0	Encoding_DigitValue_9	9	3877577
3878.59	0.0	Encoding_DigitValue_7	7	3878590
3879.59	0.0	Encoding_DigitValue_5	5	3879590
3880.589	0.0	Encoding_DigitValue_0	10	3880589
3881.589	0.0	Encoding_DigitValue_8	8	3881589
3882.589	0.0	Encoding_DigitValue_3	3	3882589
3883.59	0.0	Retention_Slow	100	3883590
3889.59	0.0	Digits_Retrieval	110	3889590
3906.624	0.0	Baseline_2s	102	3906624
3908.624	0.0	Encoding_DigitValue_4	4	3908624
3909.624	0.0	Encoding_DigitValue_3	3	3909624
3910.624	0.0	Encoding_DigitValue_8	8	3910624
3911.624	0.0	Encoding_DigitValue_9	9	3911624
3912.624	0.0	Encoding_DigitValue_2	2	3912624
3913.624	0.0	Encoding_DigitValue_5	5	3913624
3914.624	0.0	Encoding_DigitValue_0	10	3914624
3915.624	0.0	Retention_Slow	100	3915624
3921.624	0.0	Digits_Retrieval	110	3921624
3932.48	0.0	Baseline_2s	102	3932480
3934.479	0.0	Encoding_DigitValue_9	9	3934479
3935.479	0.0	Encoding_DigitValue_3	3	3935479
3936.48	0.0	Encoding_DigitValue_4	4	3936480
3937.479	0.0	Encoding_DigitValue_2	2	3937479
3938.48	0.0	Encoding_DigitValue_1	1	3938480
3939.48	0.0	Encoding_DigitValue_5	5	3939480
3940.48	0.0	Encoding_DigitValue_7	7	3940480
3941.48	0.0	Retention_Slow	100	3941480
3947.48	0.0	Digits_Retrieval	110	3947480
3969.148	0.0	Baseline_2s	102	3969148
3971.16	0.0	Encoding_DigitValue_2	2	3971160
3972.16	0.0	Encoding_DigitValue_4	4	3972160
3973.16	0.0	Encoding_DigitValue_9	9	3973160
3974.16	0.0	Encoding_DigitValue_5	5	3974160
3975.16	0.0	Encoding_DigitValue_0	10	3975160
3976.16	0.0	Encoding_DigitValue_8	8	3976160
3977.16	0.0	Encoding_DigitValue_3	3	3977160
3978.16	0.0	Retention_Slow	100	3978160
3984.16	0.0	Digits_Retrieval	110	3984160
3990.11	0.0	Baseline_2s	102	3990110
3992.11	0.0	Encoding_DigitValue_6	6	3992110
3993.112	0.0	Encoding_DigitValue_3	3	3993112
3994.115	0.0	Encoding_DigitValue_9	9	3994115
3995.115	0.0	Encoding_DigitValue_8	8	3995115
3996.115	0.0	Encoding_DigitValue_5	5	3996115
3997.115	0.0	Encoding_DigitValue_0	10	3997115
3998.115	0.0	Encoding_DigitValue_1	1	3998115
3999.116	0.0	Retention_Slow	100	3999116
4005.115	0.0	Digits_Retrieval	110	4005115
4011.316	0.0	Baseline_2s	102	4011316
4013.316	0.0	Encoding_DigitValue_5	5	4013316
4014.316	0.0	Encoding_DigitValue_1	1	4014316
4015.316	0.0	Encoding_DigitValue_8	8	4015316
4016.316	0.0	Encoding_DigitValue_9	9	4016316
4017.316	0.0	Encoding_DigitValue_6	6	4017316
4018.316	0.0	Encoding_DigitValue_3	3	4018316
4019.316	0.0	Encoding_DigitValue_7	7	4019316
4020.317	0.0	Retention_Slow	100	4020317
4026.316	0.0	Digits_Retrieval	110	4026316
4031.3	0.0	Baseline_2s	102	4031300
4033.3	0.0	Encoding_DigitValue_4	4	4033300
4034.3	0.0	Encoding_DigitValue_6	6	4034300
4035.3	0.0	Encoding_DigitValue_1	1	4035300
4036.3	0.0	Encoding_DigitValue_0	10	4036300
4037.3	0.0	Encoding_DigitValue_5	5	4037300
4038.3	0.0	Encoding_DigitValue_2	2	4038300
4039.3	0.0	Encoding_DigitValue_9	9	4039300
4040.301	0.0	Retention_Slow	100	4040301
4046.3	0.0	Digits_Retrieval	110	4046300
4052.668	0.0	Baseline_2s	102	4052668
4054.667	0.0	Encoding_DigitValue_7	7	4054667
4055.667	0.0	Encoding_DigitValue_1	1	4055667
4056.668	0.0	Encoding_DigitValue_4	4	4056668
4057.668	0.0	Encoding_DigitValue_0	10	4057668
4058.668	0.0	Encoding_DigitValue_3	3	4058668
4059.668	0.0	Encoding_DigitValue_8	8	4059668
4060.667	0.0	Encoding_DigitValue_6	6	4060667
4061.668	0.0	Retention_Slow	100	4061668
4067.668	0.0	Digits_Retrieval	110	4067668
4079.219	0.0	Baseline_2s	102	4079219
4081.219	0.0	Encoding_DigitValue_2	2	4081219
4082.219	0.0	Encoding_DigitValue_7	7	4082219
4083.219	0.0	Encoding_DigitValue_3	3	4083219
4084.219	0.0	Encoding_DigitValue_4	4	4084219
4085.218	0.0	Encoding_DigitValue_6	6	4085218
4086.219	0.0	Encoding_DigitValue_5	5	4086219
4087.219	0.0	Encoding_DigitValue_0	10	4087219
4088.219	0.0	Retention_Slow	100	4088219
4094.219	0.0	Digits_Retrieval	110	4094219
4100.287	0.0	Baseline_2s	102	4100287
4102.286	0.0	Encoding_DigitValue_1	1	4102286
4103.286	0.0	Encoding_DigitValue_4	4	4103286
4104.286	0.0	Encoding_DigitValue_3	3	4104286
4105.286	0.0	Encoding_DigitValue_6	6	4105286
4106.286	0.0	Encoding_DigitValue_2	2	4106286
4107.286	0.0	Encoding_DigitValue_0	10	4107286
4108.286	0.0	Encoding_DigitValue_9	9	4108286
4109.287	0.0	Retention_Slow	100	4109287
4115.286	0.0	Digits_Retrieval	110	4115286
4123.537	0.0	Baseline_2s	102	4123537
4125.537	0.0	Encoding_DigitValue_5	5	4125537
4126.537	0.0	Encoding_DigitValue_7	7	4126537
4127.537	0.0	Encoding_DigitValue_9	9	4127537
4128.537	0.0	Encoding_DigitValue_2	2	4128537
4129.537	0.0	Encoding_DigitValue_0	10	4129537
4130.537	0.0	Encoding_DigitValue_6	6	4130537
4131.537	0.0	Encoding_DigitValue_1	1	4131537
4132.537	0.0	Retention_Slow	100	4132537
4138.537	0.0	Digits_Retrieval	110	4138537
4162.389	0.0	Baseline_2s	102	4162389
4164.388	0.0	Encoding_DigitValue_3	3	4164388
4165.389	0.0	Encoding_DigitValue_2	2	4165389
4166.388	0.0	Encoding_DigitValue_8	8	4166388
4167.389	0.0	Encoding_DigitValue_6	6	4167389
4168.389	0.0	Encoding_DigitValue_5	5	4168389
4169.388	0.0	Encoding_DigitValue_0	10	4169388
4170.389	0.0	Encoding_DigitValue_9	9	4170389
4171.389	0.0	Retention_Slow	100	4171389
4177.389	0.0	Digits_Retrieval	110	4177389
4183.89	0.0	Baseline_2s	102	4183890
4185.889	0.0	Encoding_DigitValue_5	5	4185889
4186.889	0.0	Encoding_DigitValue_3	3	4186889
4187.889	0.0	Encoding_DigitValue_4	4	4187889
4188.889	0.0	Encoding_DigitValue_0	10	4188889
4189.889	0.0	Encoding_DigitValue_9	9	4189889
4190.889	0.0	Encoding_DigitValue_7	7	4190889
4191.889	0.0	Encoding_DigitValue_8	8	4191889
4192.89	0.0	Retention_Slow	100	4192890
4198.89	0.0	Digits_Retrieval	110	4198890
4204.257	0.0	Baseline_2s	102	4204257
4206.257	0.0	Encoding_DigitValue_6	6	4206257
4207.257	0.0	Encoding_DigitValue_0	10	4207257
4208.257	0.0	Encoding_DigitValue_2	2	4208257
4209.257	0.0	Encoding_DigitValue_9	9	4209257
4210.257	0.0	Encoding_DigitValue_7	7	4210257
4211.257	0.0	Encoding_DigitValue_4	4	4211257
4212.257	0.0	Encoding_DigitValue_1	1	4212257
4213.258	0.0	Retention_Slow	100	4213258
4219.257	0.0	Digits_Retrieval	110	4219257
4231.258	0.0	Baseline_2s	102	4231258
4233.258	0.0	Encoding_DigitValue_8	8	4233258
4234.258	0.0	Encoding_DigitValue_9	9	4234258
4235.258	0.0	Encoding_DigitValue_6	6	4235258
4236.258	0.0	Encoding_DigitValue_5	5	4236258
4237.258	0.0	Encoding_DigitValue_3	3	4237258
4238.258	0.0	Encoding_DigitValue_2	2	4238258
4239.258	0.0	Encoding_DigitValue_0	10	4239258
4240.258	0.0	Retention_Slow	100	4240258
4246.258	0.0	Digits_Retrieval	110	4246258
4250.759	0.0	Baseline_2s	102	4250759
4252.758	0.0	Encoding_DigitValue_4	4	4252758
4253.759	0.0	Encoding_DigitValue_1	1	4253759
4254.758	0.0	Encoding_DigitValue_0	10	4254758
4255.759	0.0	Encoding_DigitValue_5	5	4255759
4256.759	0.0	Encoding_DigitValue_2	2	4256759
4257.759	0.0	Encoding_DigitValue_9	9	4257759
4258.759	0.0	Encoding_DigitValue_7	7	4258759
4259.759	0.0	Retention_Slow	100	4259759
4265.76	0.0	Digits_Retrieval	110	4265760
4273.093	0.0	Baseline_2s	102	4273093
4275.092	0.0	Encoding_DigitValue_9	9	4275092
4276.093	0.0	Encoding_DigitValue_5	5	4276093
4277.093	0.0	Encoding_DigitValue_6	6	4277093
4278.093	0.0	Encoding_DigitValue_4	4	4278093
4279.093	0.0	Encoding_DigitValue_1	1	4279093
4280.093	0.0	Encoding_DigitValue_0	10	4280093
4281.093	0.0	Encoding_DigitValue_7	7	4281093
4282.093	0.0	Retention_Slow	100	4282093
4288.093	0.0	Digits_Retrieval	110	4288093
4307.606	0.0	Baseline_2s	102	4307606
4309.606	0.0	Encoding_DigitValue_2	2	4309606
4310.606	0.0	Encoding_DigitValue_7	7	4310606
4311.609	0.0	Encoding_DigitValue_9	9	4311609
4312.611	0.0	Encoding_DigitValue_4	4	4312611
4313.611	0.0	Encoding_DigitValue_5	5	4313611
4314.611	0.0	Encoding_DigitValue_6	6	4314611
4315.611	0.0	Encoding_DigitValue_8	8	4315611
4316.611	0.0	Retention_Slow	100	4316611
4322.611	0.0	Digits_Retrieval	110	4322611
4329.757	0.0	Baseline_2s	102	4329757
4331.757	0.0	Encoding_DigitValue_3	3	4331757
4332.757	0.0	Encoding_DigitValue_6	6	4332757
4333.757	0.0	Encoding_DigitValue_8	8	4333757
4334.757	0.0	Encoding_DigitValue_7	7	4334757
4335.757	0.0	Encoding_DigitValue_5	5	4335757
4336.757	0.0	Encoding_DigitValue_1	1	4336757
4337.757	0.0	Encoding_DigitValue_2	2	4337757
4338.757	0.0	Retention_Slow	100	4338757
4344.758	0.0	Digits_Retrieval	110	4344758
4350.591	0.0	Baseline_2s	102	4350591
4352.591	0.0	Encoding_DigitValue_9	9	4352591
4353.591	0.0	Encoding_DigitValue_3	3	4353591
4354.591	0.0	Encoding_DigitValue_2	2	4354591
4355.592	0.0	Encoding_DigitValue_4	4	4355592
4356.592	0.0	Encoding_DigitValue_5	5	4356592
4357.591	0.0	Encoding_DigitValue_6	6	4357591
4358.591	0.0	Encoding_DigitValue_8	8	4358591
4359.591	0.0	Retention_Slow	100	4359591
4365.591	0.0	Digits_Retrieval	110	4365591
4380.914	0.0	Baseline_2s	102	4380914
4382.913	0.0	Encoding_DigitValue_5	5	4382913
4383.914	0.0	Encoding_DigitValue_7	7	4383914
4384.914	0.0	Encoding_DigitValue_8	8	4384914
4385.913	0.0	Encoding_DigitValue_0	10	4385913
4386.914	0.0	Encoding_DigitValue_1	1	4386914
4387.914	0.0	Encoding_DigitValue_2	2	4387914
4388.914	0.0	Encoding_DigitValue_6	6	4388914
4389.914	0.0	Retention_Slow	100	4389914
4395.914	0.0	Digits_Retrieval	110	4395914
4420.977	0.0	Baseline_2s	102	4420977
4422.977	0.0	Encoding_DigitValue_9	9	4422977
4423.977	0.0	Encoding_DigitValue_2	2	4423977
4424.978	0.0	Encoding_DigitValue_4	4	4424978
4425.977	0.0	Encoding_DigitValue_5	5	4425977
4426.978	0.0	Encoding_DigitValue_6	6	4426978
4427.978	0.0	Encoding_DigitValue_1	1	4427978
4428.978	0.0	Encoding_DigitValue_0	10	4428978
4429.978	0.0	Retention_Slow	100	4429978
4435.978	0.0	Digits_Retrieval	110	4435978
4447.612	0.0	Baseline_2s	102	4447612
4449.612	0.0	Encoding_DigitValue_7	7	4449612
4450.612	0.0	Encoding_DigitValue_4	4	4450612
4451.611	0.0	Encoding_DigitValue_9	9	4451611
4452.612	0.0	Encoding_DigitValue_2	2	4452612
4453.612	0.0	Encoding_DigitValue_1	1	4453612
4454.612	0.0	Encoding_DigitValue_0	10	4454612
4455.612	0.0	Encoding_DigitValue_3	3	4455612
4456.612	0.0	Retention_Slow	100	4456612
4462.612	0.0	Digits_Retrieval	110	4462612
4468.279	0.0	Baseline_2s	102	4468279
4470.279	0.0	Encoding_DigitValue_7	7	4470279
4471.279	0.0	Encoding_DigitValue_8	8	4471279
4472.279	0.0	Encoding_DigitValue_9	9	4472279
4473.279	0.0	Encoding_DigitValue_2	2	4473279
4474.279	0.0	Encoding_DigitValue_5	5	4474279
4475.279	0.0	Encoding_DigitValue_1	1	4475279
4476.279	0.0	Encoding_DigitValue_4	4	4476279
4477.279	0.0	Retention_Slow	100	4477279
4483.28	0.0	Digits_Retrieval	110	4483280
4487.368	0.0	Rest	120	4487368
4500.6	0.0	Boundary	99999	4500600
4505.753	0.0	Baseline_2s	102	4505753
4507.752	0.0	Encoding_DigitValue_4	4	4507752
4508.152	0.0	Encoding_DigitValue_2	2	4508152
4508.552	0.0	Encoding_DigitValue_5	5	4508552
4508.952	0.0	Encoding_DigitValue_7	7	4508952
4509.352	0.0	Encoding_DigitValue_1	1	4509352
4509.752	0.0	Encoding_DigitValue_0	10	4509752
4510.152	0.0	Encoding_DigitValue_8	8	4510152
4510.553	0.0	Retention_Fast	40	4510553
4516.552	0.0	Digits_Retrieval	110	4516552
4527.903	0.0	Baseline_2s	102	4527903
4529.903	0.0	Encoding_DigitValue_1	1	4529903
4530.303	0.0	Encoding_DigitValue_9	9	4530303
4530.703	0.0	Encoding_DigitValue_4	4	4530703
4531.103	0.0	Encoding_DigitValue_5	5	4531103
4531.503	0.0	Encoding_DigitValue_6	6	4531503
4531.903	0.0	Encoding_DigitValue_0	10	4531903
4532.303	0.0	Encoding_DigitValue_7	7	4532303
4532.704	0.0	Retention_Fast	40	4532704
4538.703	0.0	Digits_Retrieval	110	4538703
4544.571	0.0	Baseline_2s	102	4544571
4546.57	0.0	Encoding_DigitValue_9	9	4546570
4546.97	0.0	Encoding_DigitValue_5	5	4546970
4547.37	0.0	Encoding_DigitValue_4	4	4547370
4547.77	0.0	Encoding_DigitValue_8	8	4547770
4548.171	0.0	Encoding_DigitValue_0	10	4548171
4548.571	0.0	Encoding_DigitValue_3	3	4548571
4548.971	0.0	Encoding_DigitValue_1	1	4548971
4549.371	0.0	Retention_Fast	40	4549371
4555.371	0.0	Digits_Retrieval	110	4555371
4561.738	0.0	Baseline_2s	102	4561738
4563.738	0.0	Encoding_DigitValue_9	9	4563738
4564.138	0.0	Encoding_DigitValue_2	2	4564138
4564.538	0.0	Encoding_DigitValue_7	7	4564538
4564.938	0.0	Encoding_DigitValue_1	1	4564938
4565.338	0.0	Encoding_DigitValue_6	6	4565338
4565.738	0.0	Encoding_DigitValue_4	4	4565738
4566.138	0.0	Encoding_DigitValue_5	5	4566138
4566.538	0.0	Retention_Fast	40	4566538
4572.538	0.0	Digits_Retrieval	110	4572538
4588.268	0.0	Baseline_2s	102	4588268
4590.268	0.0	Encoding_DigitValue_8	8	4590268
4590.668	0.0	Encoding_DigitValue_7	7	4590668
4591.068	0.0	Encoding_DigitValue_2	2	4591068
4591.468	0.0	Encoding_DigitValue_1	1	4591468
4591.868	0.0	Encoding_DigitValue_4	4	4591868
4592.268	0.0	Encoding_DigitValue_5	5	4592268
4592.668	0.0	Encoding_DigitValue_3	3	4592668
4593.068	0.0	Retention_Fast	40	4593068
4599.068	0.0	Digits_Retrieval	110	4599068
4607.057	0.0	Baseline_2s	102	4607057
4609.056	0.0	Encoding_DigitValue_0	10	4609056
4609.456	0.0	Encoding_DigitValue_5	5	4609456
4609.856	0.0	Encoding_DigitValue_2	2	4609856
4610.256	0.0	Encoding_DigitValue_9	9	4610256
4610.656	0.0	Encoding_DigitValue_4	4	4610656
4611.056	0.0	Encoding_DigitValue_1	1	4611056
4611.456	0.0	Encoding_DigitValue_3	3	4611456
4611.857	0.0	Retention_Fast	40	4611857
4617.856	0.0	Digits_Retrieval	110	4617856
4624.269	0.0	Baseline_2s	102	4624269
4626.269	0.0	Encoding_DigitValue_2	2	4626269
4626.669	0.0	Encoding_DigitValue_0	10	4626669
4627.069	0.0	Encoding_DigitValue_6	6	4627069
4627.469	0.0	Encoding_DigitValue_5	5	4627469
4627.869	0.0	Encoding_DigitValue_3	3	4627869
4628.269	0.0	Encoding_DigitValue_4	4	4628269
4628.669	0.0	Encoding_DigitValue_1	1	4628669
4629.069	0.0	Retention_Fast	40	4629069
4635.07	0.0	Digits_Retrieval	110	4635070
4643.303	0.0	Baseline_2s	102	4643303
4645.303	0.0	Encoding_DigitValue_0	10	4645303
4645.703	0.0	Encoding_DigitValue_7	7	4645703
4646.103	0.0	Encoding_DigitValue_1	1	4646103
4646.503	0.0	Encoding_DigitValue_5	5	4646503
4646.903	0.0	Encoding_DigitValue_9	9	4646903
4647.303	0.0	Encoding_DigitValue_6	6	4647303
4647.703	0.0	Encoding_DigitValue_8	8	4647703
4648.103	0.0	Retention_Fast	40	4648103
4654.104	0.0	Digits_Retrieval	110	4654104
4674.421	0.0	Baseline_2s	102	4674421
4676.421	0.0	Encoding_DigitValue_5	5	4676421
4676.821	0.0	Encoding_DigitValue_2	2	4676821
4677.221	0.0	Encoding_DigitValue_3	3	4677221
4677.621	0.0	Encoding_DigitValue_9	9	4677621
4678.021	0.0	Encoding_DigitValue_7	7	4678021
4678.421	0.0	Encoding_DigitValue_6	6	4678421
4678.821	0.0	Encoding_DigitValue_4	4	4678821
4679.221	0.0	Retention_Fast	40	4679221
4685.222	0.0	Digits_Retrieval	110	4685222
4691.588	0.0	Baseline_2s	102	4691588
4693.588	0.0	Encoding_DigitValue_1	1	4693588
4693.988	0.0	Encoding_DigitValue_0	10	4693988
4694.388	0.0	Encoding_DigitValue_2	2	4694388
4694.788	0.0	Encoding_DigitValue_6	6	4694788
4695.188	0.0	Encoding_DigitValue_4	4	4695188
4695.588	0.0	Encoding_DigitValue_7	7	4695588
4695.988	0.0	Encoding_DigitValue_8	8	4695988
4696.388	0.0	Retention_Fast	40	4696388
4702.389	0.0	Digits_Retrieval	110	4702389
4709.072	0.0	Baseline_2s	102	4709072
4711.072	0.0	Encoding_DigitValue_0	10	4711072
4711.472	0.0	Encoding_DigitValue_3	3	4711472
4711.872	0.0	Encoding_DigitValue_4	4	4711872
4712.272	0.0	Encoding_DigitValue_6	6	4712272
4712.672	0.0	Encoding_DigitValue_7	7	4712672
4713.072	0.0	Encoding_DigitValue_5	5	4713072
4713.472	0.0	Encoding_DigitValue_2	2	4713472
4713.872	0.0	Retention_Fast	40	4713872
4719.873	0.0	Digits_Retrieval	110	4719873
4744.34	0.0	Baseline_2s	102	4744340
4746.34	0.0	Encoding_DigitValue_5	5	4746340
4746.74	0.0	Encoding_DigitValue_2	2	4746740
4747.14	0.0	Encoding_DigitValue_4	4	4747140
4747.54	0.0	Encoding_DigitValue_0	10	4747540
4747.94	0.0	Encoding_DigitValue_3	3	4747940
4748.34	0.0	Encoding_DigitValue_9	9	4748340
4748.74	0.0	Encoding_DigitValue_7	7	4748740
4749.14	0.0	Retention_Fast	40	4749140
4755.141	0.0	Digits_Retrieval	110	4755141
4777.125	0.0	Baseline_2s	102	4777125
4779.125	0.0	Encoding_DigitValue_2	2	4779125
4779.525	0.0	Encoding_DigitValue_0	10	4779525
4779.925	0.0	Encoding_DigitValue_5	5	4779925
4780.325	0.0	Encoding_DigitValue_9	9	4780325
4780.725	0.0	Encoding_DigitValue_3	3	4780725
4781.125	0.0	Encoding_DigitValue_1	1	4781125
4781.525	0.0	Encoding_DigitValue_8	8	4781525
4781.925	0.0	Retention_Fast	40	4781925
4787.925	0.0	Digits_Retrieval	110	4787925
4793.659	0.0	Baseline_2s	102	4793659
4795.659	0.0	Encoding_DigitValue_7	7	4795659
4796.059	0.0	Encoding_DigitValue_8	8	4796059
4796.459	0.0	Encoding_DigitValue_0	10	4796459
4796.859	0.0	Encoding_DigitValue_3	3	4796859
4797.259	0.0	Encoding_DigitValue_1	1	4797259
4797.659	0.0	Encoding_DigitValue_6	6	4797659
4798.059	0.0	Encoding_DigitValue_4	4	4798059
4798.459	0.0	Retention_Fast	40	4798459
4804.46	0.0	Digits_Retrieval	110	4804460
4811.643	0.0	Baseline_2s	102	4811643
4813.643	0.0	Encoding_DigitValue_4	4	4813643
4814.043	0.0	Encoding_DigitValue_1	1	4814043
4814.443	0.0	Encoding_DigitValue_3	3	4814443
4814.843	0.0	Encoding_DigitValue_6	6	4814843
4815.243	0.0	Encoding_DigitValue_7	7	4815243
4815.647	0.0	Encoding_DigitValue_9	9	4815647
4816.048	0.0	Encoding_DigitValue_0	10	4816048
4816.448	0.0	Retention_Fast	40	4816448
4822.448	0.0	Digits_Retrieval	110	4822448
4834.194	0.0	Baseline_2s	102	4834194
4836.194	0.0	Encoding_DigitValue_3	3	4836194
4836.594	0.0	Encoding_DigitValue_4	4	4836594
4836.994	0.0	Encoding_DigitValue_8	8	4836994
4837.394	0.0	Encoding_DigitValue_5	5	4837394
4837.794	0.0	Encoding_DigitValue_7	7	4837794
4838.194	0.0	Encoding_DigitValue_2	2	4838194
4838.594	0.0	Encoding_DigitValue_9	9	4838594
4838.994	0.0	Retention_Fast	40	4838994
4844.994	0.0	Digits_Retrieval	110	4844994
4853.361	0.0	Baseline_2s	102	4853361
4855.361	0.0	Encoding_DigitValue_5	5	4855361
4855.762	0.0	Encoding_DigitValue_3	3	4855762
4856.161	0.0	Encoding_DigitValue_4	4	4856161
4856.561	0.0	Encoding_DigitValue_6	6	4856561
4856.961	0.0	Encoding_DigitValue_1	1	4856961
4857.361	0.0	Encoding_DigitValue_2	2	4857361
4857.761	0.0	Encoding_DigitValue_8	8	4857761
4858.161	0.0	Retention_Fast	40	4858161
4864.162	0.0	Digits_Retrieval	110	4864162
4874.679	0.0	Baseline_2s	102	4874679
4876.679	0.0	Encoding_DigitValue_7	7	4876679
4877.079	0.0	Encoding_DigitValue_2	2	4877079
4877.479	0.0	Encoding_DigitValue_0	10	4877479
4877.879	0.0	Encoding_DigitValue_8	8	4877879
4878.279	0.0	Encoding_DigitValue_6	6	4878279
4878.679	0.0	Encoding_DigitValue_5	5	4878679
4879.079	0.0	Encoding_DigitValue_3	3	4879079
4879.479	0.0	Retention_Fast	40	4879479
4885.479	0.0	Digits_Retrieval	110	4885479
4934.136	0.0	Baseline_2s	102	4934136
4936.136	0.0	Encoding_DigitValue_5	5	4936136
4936.536	0.0	Encoding_DigitValue_9	9	4936536
4936.936	0.0	Encoding_DigitValue_6	6	4936936
4937.336	0.0	Encoding_DigitValue_4	4	4937336
4937.736	0.0	Encoding_DigitValue_1	1	4937736
4938.136	0.0	Encoding_DigitValue_2	2	4938136
4938.536	0.0	Encoding_DigitValue_7	7	4938536
4938.936	0.0	Retention_Fast	40	4938936
4944.936	0.0	Digits_Retrieval	110	4944936
4956.187	0.0	Baseline_2s	102	4956187
4958.199	0.0	Encoding_DigitValue_8	8	4958199
4958.599	0.0	Encoding_DigitValue_6	6	4958599
4958.999	0.0	Encoding_DigitValue_1	1	4958999
4959.398	0.0	Encoding_DigitValue_9	9	4959398
4959.799	0.0	Encoding_DigitValue_4	4	4959799
4960.199	0.0	Encoding_DigitValue_0	10	4960199
4960.599	0.0	Encoding_DigitValue_3	3	4960599
4960.999	0.0	Retention_Fast	40	4960999
4966.999	0.0	Digits_Retrieval	110	4966999
4982.466	0.0	Baseline_2s	102	4982466
4984.466	0.0	Encoding_DigitValue_5	5	4984466
4984.866	0.0	Encoding_DigitValue_3	3	4984866
4985.266	0.0	Encoding_DigitValue_6	6	4985266
4985.666	0.0	Encoding_DigitValue_9	9	4985666
4986.066	0.0	Encoding_DigitValue_0	10	4986066
4986.466	0.0	Encoding_DigitValue_4	4	4986466
4986.866	0.0	Encoding_DigitValue_7	7	4986866
4987.266	0.0	Retention_Fast	40	4987266
4993.267	0.0	Digits_Retrieval	110	4993267
5014.589	0.0	Baseline_2s	102	5014589
5016.589	0.0	Encoding_DigitValue_4	4	5016589
5016.989	0.0	Encoding_DigitValue_7	7	5016989
5017.389	0.0	Encoding_DigitValue_8	8	5017389
5017.789	0.0	Encoding_DigitValue_6	6	5017789
5018.189	0.0	Encoding_DigitValue_3	3	5018189
5018.589	0.0	Encoding_DigitValue_0	10	5018589
5018.989	0.0	Encoding_DigitValue_5	5	5018989
5019.389	0.0	Retention_Fast	40	5019389
5025.389	0.0	Digits_Retrieval	110	5025389
5051.774	0.0	Baseline_2s	102	5051774
5053.774	0.0	Encoding_DigitValue_0	10	5053774
5054.174	0.0	Encoding_DigitValue_5	5	5054174
5054.574	0.0	Encoding_DigitValue_3	3	5054574
5054.974	0.0	Encoding_DigitValue_7	7	5054974
5055.374	0.0	Encoding_DigitValue_2	2	5055374
5055.786	0.0	Encoding_DigitValue_6	6	5055786
5056.189	0.0	Encoding_DigitValue_8	8	5056189
5056.591	0.0	Retention_Fast	40	5056591
5062.591	0.0	Digits_Retrieval	110	5062591
5071.958	0.0	Baseline_2s	102	5071958
5073.958	0.0	Encoding_DigitValue_9	9	5073958
5074.357	0.0	Encoding_DigitValue_4	4	5074357
5074.757	0.0	Encoding_DigitValue_3	3	5074757
5075.157	0.0	Encoding_DigitValue_0	10	5075157
5075.558	0.0	Encoding_DigitValue_5	5	5075558
5075.958	0.0	Encoding_DigitValue_2	2	5075958
5076.357	0.0	Encoding_DigitValue_1	1	5076357
5076.758	0.0	Retention_Fast	40	5076758
5082.758	0.0	Digits_Retrieval	110	5082758
5093.32	0.0	Baseline_2s	102	5093320
5095.321	0.0	Encoding_DigitValue_1	1	5095321
5095.721	0.0	Encoding_DigitValue_6	6	5095721
5096.121	0.0	Encoding_DigitValue_7	7	5096121
5096.521	0.0	Encoding_DigitValue_2	2	5096521
5096.921	0.0	Encoding_DigitValue_5	5	5096921
5097.321	0.0	Encoding_DigitValue_8	8	5097321
5097.721	0.0	Encoding_DigitValue_9	9	5097721
5098.121	0.0	Retention_Fast	40	5098121
5104.121	0.0	Digits_Retrieval	110	5104121
5134.427	0.0	Rest	120	5134427
5172.245	0.0	Baseline_2s	102	5172245
5174.245	0.0	Encoding_DigitValue_0	10	5174245
5174.645	0.0	Encoding_DigitValue_8	8	5174645
5175.045	0.0	Encoding_DigitValue_2	2	5175045
5175.445	0.0	Encoding_DigitValue_9	9	5175445
5175.845	0.0	Encoding_DigitValue_7	7	5175845
5176.245	0.0	Encoding_DigitValue_1	1	5176245
5176.645	0.0	Encoding_DigitValue_3	3	5176645
5177.046	0.0	Retention_Fast	40	5177046
5183.045	0.0	Digits_Retrieval	110	5183045
5199.88	0.0	Baseline_2s	102	5199880
5201.879	0.0	Encoding_DigitValue_9	9	5201879
5202.279	0.0	Encoding_DigitValue_3	3	5202279
5202.679	0.0	Encoding_DigitValue_4	4	5202679
5203.079	0.0	Encoding_DigitValue_8	8	5203079
5203.479	0.0	Encoding_DigitValue_7	7	5203479
5203.879	0.0	Encoding_DigitValue_1	1	5203879
5204.279	0.0	Encoding_DigitValue_5	5	5204279
5204.68	0.0	Retention_Fast	40	5204680
5210.68	0.0	Digits_Retrieval	110	5210680
5241.398	0.0	Baseline_2s	102	5241398
5243.397	0.0	Encoding_DigitValue_5	5	5243397
5243.798	0.0	Encoding_DigitValue_0	10	5243798
5244.198	0.0	Encoding_DigitValue_9	9	5244198
5244.597	0.0	Encoding_DigitValue_4	4	5244597
5244.997	0.0	Encoding_DigitValue_6	6	5244997
5245.397	0.0	Encoding_DigitValue_8	8	5245397
5245.797	0.0	Encoding_DigitValue_3	3	5245797
5246.198	0.0	Retention_Fast	40	5246198
5252.198	0.0	Digits_Retrieval	110	5252198
5258.399	0.0	Baseline_2s	102	5258399
5260.398	0.0	Encoding_DigitValue_3	3	5260398
5260.798	0.0	Encoding_DigitValue_2	2	5260798
5261.198	0.0	Encoding_DigitValue_4	4	5261198
5261.598	0.0	Encoding_DigitValue_7	7	5261598
5261.998	0.0	Encoding_DigitValue_6	6	5261998
5262.398	0.0	Encoding_DigitValue_5	5	5262398
5262.798	0.0	Encoding_DigitValue_9	9	5262798
5263.199	0.0	Retention_Fast	40	5263199
5269.199	0.0	Digits_Retrieval	110	5269199
5275.395	0.0	Baseline_2s	102	5275395
5277.394	0.0	Encoding_DigitValue_4	4	5277394
5277.794	0.0	Encoding_DigitValue_1	1	5277794
5278.194	0.0	Encoding_DigitValue_0	10	5278194
5278.594	0.0	Encoding_DigitValue_6	6	5278594
5278.994	0.0	Encoding_DigitValue_9	9	5278994
5279.395	0.0	Encoding_DigitValue_3	3	5279395
5279.795	0.0	Encoding_DigitValue_8	8	5279795
5280.195	0.0	Retention_Fast	40	5280195
5286.195	0.0	Digits_Retrieval	110	5286195
5304.45	0.0	Baseline_2s	102	5304450
5306.45	0.0	Encoding_DigitValue_0	10	5306450
5306.85	0.0	Encoding_DigitValue_5	5	5306850
5307.25	0.0	Encoding_DigitValue_6	6	5307250
5307.65	0.0	Encoding_DigitValue_9	9	5307650
5308.05	0.0	Encoding_DigitValue_2	2	5308050
5308.463	0.0	Encoding_DigitValue_3	3	5308463
5308.862	0.0	Encoding_DigitValue_7	7	5308862
5309.262	0.0	Retention_Fast	40	5309262
5315.262	0.0	Digits_Retrieval	110	5315262
5321.663	0.0	Baseline_2s	102	5321663
5323.663	0.0	Encoding_DigitValue_5	5	5323663
5324.063	0.0	Encoding_DigitValue_2	2	5324063
5324.463	0.0	Encoding_DigitValue_6	6	5324463
5324.863	0.0	Encoding_DigitValue_4	4	5324863
5325.263	0.0	Encoding_DigitValue_9	9	5325263
5325.663	0.0	Encoding_DigitValue_7	7	5325663
5326.063	0.0	Encoding_DigitValue_8	8	5326063
5326.463	0.0	Retention_Fast	40	5326463
5332.463	0.0	Digits_Retrieval	110	5332463
5349.886	0.0	Baseline_2s	102	5349886
5351.885	0.0	Encoding_DigitValue_5	5	5351885
5352.285	0.0	Encoding_DigitValue_8	8	5352285
5352.685	0.0	Encoding_DigitValue_0	10	5352685
5353.085	0.0	Encoding_DigitValue_6	6	5353085
5353.485	0.0	Encoding_DigitValue_9	9	5353485
5353.885	0.0	Encoding_DigitValue_2	2	5353885
5354.285	0.0	Encoding_DigitValue_3	3	5354285
5354.686	0.0	Retention_Fast	40	5354686
5360.685	0.0	Digits_Retrieval	110	5360685
5372.253	0.0	Baseline_2s	102	5372253
5374.252	0.0	Encoding_DigitValue_0	10	5374252
5374.653	0.0	Encoding_DigitValue_4	4	5374653
5375.053	0.0	Encoding_DigitValue_8	8	5375053
5375.453	0.0	Encoding_DigitValue_6	6	5375453
5375.852	0.0	Encoding_DigitValue_7	7	5375852
5376.252	0.0	Encoding_DigitValue_5	5	5376252
5376.653	0.0	Encoding_DigitValue_2	2	5376653
5377.053	0.0	Retention_Fast	40	5377053
5383.053	0.0	Digits_Retrieval	110	5383053
5390.115	0.0	Baseline_2s	102	5390115
5392.116	0.0	Encoding_DigitValue_6	6	5392116
5392.516	0.0	Encoding_DigitValue_1	1	5392516
5392.916	0.0	Encoding_DigitValue_5	5	5392916
5393.316	0.0	Encoding_DigitValue_2	2	5393316
5393.716	0.0	Encoding_DigitValue_0	10	5393716
5394.116	0.0	Encoding_DigitValue_4	4	5394116
5394.516	0.0	Encoding_DigitValue_3	3	5394516
5394.916	0.0	Retention_Fast	40	5394916
5400.916	0.0	Digits_Retrieval	110	5400916
5421.672	0.0	Baseline_2s	102	5421672
5423.671	0.0	Encoding_DigitValue_8	8	5423671
5424.071	0.0	Encoding_DigitValue_0	10	5424071
5424.471	0.0	Encoding_DigitValue_7	7	5424471
5424.871	0.0	Encoding_DigitValue_9	9	5424871
5425.271	0.0	Encoding_DigitValue_1	1	5425271
5425.671	0.0	Encoding_DigitValue_2	2	5425671
5426.071	0.0	Encoding_DigitValue_5	5	5426071
5426.472	0.0	Retention_Fast	40	5426472
5432.472	0.0	Digits_Retrieval	110	5432472
5438.606	0.0	Baseline_2s	102	5438606
5440.605	0.0	Encoding_DigitValue_0	10	5440605
5441.005	0.0	Encoding_DigitValue_2	2	5441005
5441.405	0.0	Encoding_DigitValue_9	9	5441405
5441.805	0.0	Encoding_DigitValue_3	3	5441805
5442.205	0.0	Encoding_DigitValue_6	6	5442205
5442.605	0.0	Encoding_DigitValue_1	1	5442605
5443.005	0.0	Encoding_DigitValue_4	4	5443005
5443.406	0.0	Retention_Fast	40	5443406
5449.405	0.0	Digits_Retrieval	110	5449405
5475.074	0.0	Baseline_2s	102	5475074
5477.073	0.0	Encoding_DigitValue_7	7	5477073
5477.473	0.0	Encoding_DigitValue_3	3	5477473
5477.873	0.0	Encoding_DigitValue_1	1	5477873
5478.273	0.0	Encoding_DigitValue_4	4	5478273
5478.673	0.0	Encoding_DigitValue_6	6	5478673
5479.073	0.0	Encoding_DigitValue_0	10	5479073
5479.486	0.0	Encoding_DigitValue_8	8	5479486
5479.886	0.0	Retention_Fast	40	5479886
5485.886	0.0	Digits_Retrieval	110	5485886
5503.736	0.0	Baseline_2s	102	5503736
5505.737	0.0	Encoding_DigitValue_4	4	5505737
5506.137	0.0	Encoding_DigitValue_6	6	5506137
5506.537	0.0	Encoding_DigitValue_8	8	5506537
5506.937	0.0	Encoding_DigitValue_9	9	5506937
5507.337	0.0	Encoding_DigitValue_0	10	5507337
5507.737	0.0	Encoding_DigitValue_2	2	5507737
5508.137	0.0	Encoding_DigitValue_1	1	5508137
5508.537	0.0	Retention_Fast	40	5508537
5514.537	0.0	Digits_Retrieval	110	5514537
5520.704	0.0	Baseline_2s	102	5520704
5522.704	0.0	Encoding_DigitValue_3	3	5522704
5523.104	0.0	Encoding_DigitValue_9	9	5523104
5523.504	0.0	Encoding_DigitValue_6	6	5523504
5523.904	0.0	Encoding_DigitValue_2	2	5523904
5524.304	0.0	Encoding_DigitValue_4	4	5524304
5524.704	0.0	Encoding_DigitValue_5	5	5524704
5525.104	0.0	Encoding_DigitValue_8	8	5525104
5525.504	0.0	Retention_Fast	40	5525504
5531.504	0.0	Digits_Retrieval	110	5531504
5547.738	0.0	Baseline_2s	102	5547738
5549.738	0.0	Encoding_DigitValue_8	8	5549738
5550.138	0.0	Encoding_DigitValue_2	2	5550138
5550.538	0.0	Encoding_DigitValue_3	3	5550538
5550.938	0.0	Encoding_DigitValue_9	9	5550938
5551.338	0.0	Encoding_DigitValue_5	5	5551338
5551.738	0.0	Encoding_DigitValue_7	7	5551738
5552.138	0.0	Encoding_DigitValue_1	1	5552138
5552.539	0.0	Retention_Fast	40	5552539
5558.539	0.0	Digits_Retrieval	110	5558539
5564.072	0.0	Baseline_2s	102	5564072
5566.072	0.0	Encoding_DigitValue_3	3	5566072
5566.472	0.0	Encoding_DigitValue_9	9	5566472
5566.872	0.0	Encoding_DigitValue_8	8	5566872
5567.272	0.0	Encoding_DigitValue_5	5	5567272
5567.672	0.0	Encoding_DigitValue_1	1	5567672
5568.072	0.0	Encoding_DigitValue_7	7	5568072
5568.472	0.0	Encoding_DigitValue_2	2	5568472
5568.872	0.0	Retention_Fast	40	5568872
5574.873	0.0	Digits_Retrieval	110	5574873
5582.856	0.0	Baseline_2s	102	5582856
5584.856	0.0	Encoding_DigitValue_2	2	5584856
5585.256	0.0	Encoding_DigitValue_1	1	5585256
5585.656	0.0	Encoding_DigitValue_9	9	5585656
5586.056	0.0	Encoding_DigitValue_0	10	5586056
5586.456	0.0	Encoding_DigitValue_6	6	5586456
5586.856	0.0	Encoding_DigitValue_7	7	5586856
5587.256	0.0	Encoding_DigitValue_4	4	5587256
5587.656	0.0	Retention_Fast	40	5587656
5593.657	0.0	Digits_Retrieval	110	5593657
5626.708	0.0	Baseline_2s	102	5626708
5628.708	0.0	Encoding_DigitValue_1	1	5628708
5629.108	0.0	Encoding_DigitValue_5	5	5629108
5629.511	0.0	Encoding_DigitValue_8	8	5629511
5629.925	0.0	Encoding_DigitValue_4	4	5629925
5630.325	0.0	Encoding_DigitValue_6	6	5630325
5630.725	0.0	Encoding_DigitValue_3	3	5630725
5631.125	0.0	Encoding_DigitValue_2	2	5631125
5631.525	0.0	Retention_Fast	40	5631525
5637.525	0.0	Digits_Retrieval	110	5637525
5659.981	0.0	Baseline_2s	102	5659981
5661.981	0.0	Encoding_DigitValue_6	6	5661981
5662.381	0.0	Encoding_DigitValue_5	5	5662381
5662.781	0.0	Encoding_DigitValue_7	7	5662781
5663.181	0.0	Encoding_DigitValue_3	3	5663181
5663.581	0.0	Encoding_DigitValue_2	2	5663581
5663.981	0.0	Encoding_DigitValue_9	9	5663981
5664.381	0.0	Encoding_DigitValue_1	1	5664381
5664.781	0.0	Retention_Fast	40	5664781
5670.781	0.0	Digits_Retrieval	110	5670781
5675.532	0.0	Baseline_2s	102	5675532
5677.531	0.0	Encoding_DigitValue_2	2	5677531
5677.931	0.0	Encoding_DigitValue_7	7	5677931
5678.331	0.0	Encoding_DigitValue_9	9	5678331
5678.731	0.0	Encoding_DigitValue_4	4	5678731
5679.131	0.0	Encoding_DigitValue_0	10	5679131
5679.531	0.0	Encoding_DigitValue_5	5	5679531
5679.931	0.0	Encoding_DigitValue_3	3	5679931
5680.332	0.0	Retention_Fast	40	5680332
5686.332	0.0	Digits_Retrieval	110	5686332
5691.76	0.0	Baseline_2s	102	5691760
5693.761	0.0	Encoding_DigitValue_2	2	5693761
5694.161	0.0	Encoding_DigitValue_7	7	5694161
5694.561	0.0	Encoding_DigitValue_8	8	5694561
5694.961	0.0	Encoding_DigitValue_9	9	5694961
5695.361	0.0	Encoding_DigitValue_4	4	5695361
5695.761	0.0	Encoding_DigitValue_3	3	5695761
5696.161	0.0	Encoding_DigitValue_6	6	5696161
5696.56	0.0	Retention_Fast	40	5696560
5702.561	0.0	Digits_Retrieval	110	5702561
5714.011	0.0	Baseline_2s	102	5714011
5716.011	0.0	Encoding_DigitValue_3	3	5716011
5716.412	0.0	Encoding_DigitValue_7	7	5716412
5716.812	0.0	Encoding_DigitValue_9	9	5716812
5717.212	0.0	Encoding_DigitValue_2	2	5717212
5717.611	0.0	Encoding_DigitValue_1	1	5717611
5718.011	0.0	Encoding_DigitValue_5	5	5718011
5718.411	0.0	Encoding_DigitValue_4	4	5718411
5718.812	0.0	Retention_Fast	40	5718812
5724.812	0.0	Digits_Retrieval	110	5724812
5740.717	0.0	Baseline_2s	102	5740717
5742.717	0.0	Encoding_DigitValue_6	6	5742717
5743.117	0.0	Encoding_DigitValue_9	9	5743117
5743.517	0.0	Encoding_DigitValue_4	4	5743517
5743.917	0.0	Encoding_DigitValue_8	8	5743917
5744.317	0.0	Encoding_DigitValue_7	7	5744317
5744.717	0.0	Encoding_DigitValue_0	10	5744717
5745.117	0.0	Encoding_DigitValue_5	5	5745117
5745.518	0.0	Retention_Fast	40	5745518
5751.518	0.0	Digits_Retrieval	110	5751518
5758.668	0.0	Baseline_2s	102	5758668
5760.668	0.0	Encoding_DigitValue_4	4	5760668
5761.068	0.0	Encoding_DigitValue_7	7	5761068
5761.468	0.0	Encoding_DigitValue_3	3	5761468
5761.868	0.0	Encoding_DigitValue_2	2	5761868
5762.268	0.0	Encoding_DigitValue_0	10	5762268
5762.668	0.0	Encoding_DigitValue_5	5	5762668
5763.068	0.0	Encoding_DigitValue_1	1	5763068
5763.468	0.0	Retention_Fast	40	5763468
5769.468	0.0	Digits_Retrieval	110	5769468
5774.179	0.0	Experiment_End	200	5774179
